observation_date,portfolio_name,drawdown
2025-01-03,Current_Portfolio,0.0
2025-01-06,Current_Portfolio,0.0
2025-01-07,Current_Portfolio,-0.0004517782622343036
2025-01-08,Current_Portfolio,-0.00039083322377486684
2025-01-09,Current_Portfolio,0.0
2025-01-10,Current_Portfolio,0.0
2025-01-13,Current_Portfolio,-7.950201099293785e-05
2025-01-14,Current_Portfolio,0.0
2025-01-15,Current_Portfolio,0.0
2025-01-16,Current_Portfolio,0.0
2025-01-17,Current_Portfolio,0.0
2025-01-20,Current_Portfolio,0.0
2025-01-21,Current_Portfolio,-0.000563174814554146
2025-01-22,Current_Portfolio,0.0
2025-01-23,Current_Portfolio,0.0
2025-01-24,Current_Portfolio,0.0
2025-01-27,Current_Portfolio,0.0
2025-01-28,Current_Portfolio,0.0
2025-01-29,Current_Portfolio,0.0
2025-01-30,Current_Portfolio,-0.0009298009121454509
2025-01-31,Current_Portfolio,-7.658526238318863e-05
2025-02-03,Current_Portfolio,0.0
2025-02-04,Current_Portfolio,0.0
2025-02-05,Current_Portfolio,0.0
2025-02-06,Current_Portfolio,0.0
2025-02-07,Current_Portfolio,0.0
2025-02-10,Current_Portfolio,0.0
2025-02-11,Current_Portfolio,0.0
2025-02-12,Current_Portfolio,0.0
2025-02-13,Current_Portfolio,0.0
2025-02-14,Current_Portfolio,0.0
2025-02-17,Current_Portfolio,0.0
2025-02-18,Current_Portfolio,0.0
2025-02-19,Current_Portfolio,0.0
2025-02-20,Current_Portfolio,0.0
2025-02-21,Current_Portfolio,0.0
2025-02-24,Current_Portfolio,0.0
2025-02-25,Current_Portfolio,0.0
2025-02-26,Current_Portfolio,0.0
2025-02-27,Current_Portfolio,0.0
2025-02-28,Current_Portfolio,-0.0003802383936319931
2025-03-03,Current_Portfolio,0.0
2025-03-04,Current_Portfolio,0.0
2025-03-05,Current_Portfolio,0.0
2025-03-06,Current_Portfolio,0.0
2025-03-07,Current_Portfolio,-0.0008826550003635525
2025-03-10,Current_Portfolio,0.0
2025-03-11,Current_Portfolio,-0.0006510749690797901
2025-03-12,Current_Portfolio,0.0
2025-03-13,Current_Portfolio,0.0
2025-03-14,Current_Portfolio,0.0
2025-03-17,Current_Portfolio,0.0
2025-03-18,Current_Portfolio,0.0
2025-03-19,Current_Portfolio,0.0
2025-03-21,Current_Portfolio,0.0
2025-03-24,Current_Portfolio,0.0
2025-03-25,Current_Portfolio,0.0
2025-03-26,Current_Portfolio,0.0
2025-03-27,Current_Portfolio,0.0
2025-03-28,Current_Portfolio,0.0
2025-04-02,Current_Portfolio,0.0
2025-04-03,Current_Portfolio,0.0
2025-04-04,Current_Portfolio,0.0
2025-04-07,Current_Portfolio,0.0
2025-04-08,Current_Portfolio,0.0
2025-04-10,Current_Portfolio,0.0
2025-04-11,Current_Portfolio,0.0
2025-04-14,Current_Portfolio,-0.0001606819218764599
2025-04-15,Current_Portfolio,0.0
2025-04-16,Current_Portfolio,0.0
2025-04-17,Current_Portfolio,0.0
2025-04-18,Current_Portfolio,0.0
2025-04-21,Current_Portfolio,0.0
2025-04-22,Current_Portfolio,0.0
2025-04-23,Current_Portfolio,0.0
2025-04-24,Current_Portfolio,0.0
2025-04-25,Current_Portfolio,0.0
2025-04-28,Current_Portfolio,0.0
2025-04-29,Current_Portfolio,-5.635488725652671e-05
2025-04-30,Current_Portfolio,0.0
2025-05-02,Current_Portfolio,0.0
2025-05-05,Current_Portfolio,0.0
2025-05-06,Current_Portfolio,0.0
2025-05-07,Current_Portfolio,0.0
2025-05-08,Current_Portfolio,0.0
2025-05-09,Current_Portfolio,-9.142827452324198e-05
2025-05-12,Current_Portfolio,0.0
2025-05-13,Current_Portfolio,0.0
2025-05-14,Current_Portfolio,0.0
2025-05-15,Current_Portfolio,-0.0004029361985452562
2025-05-16,Current_Portfolio,0.0
2025-05-19,Current_Portfolio,0.0
2025-05-20,Current_Portfolio,-0.0016491240583018651
2025-05-21,Current_Portfolio,-0.0002118933970757242
2025-05-22,Current_Portfolio,-0.00012497740879613417
2025-05-26,Current_Portfolio,0.0
2025-05-27,Current_Portfolio,-0.00012776644386602865
2025-05-28,Current_Portfolio,0.0
2025-05-29,Current_Portfolio,-0.00033676297030549307
2025-05-30,Current_Portfolio,0.0
2025-06-02,Current_Portfolio,0.0
2025-06-03,Current_Portfolio,-0.002806828030925468
2025-06-04,Current_Portfolio,-0.001061232539859902
2025-06-05,Current_Portfolio,-0.000984936237450551
2025-06-09,Current_Portfolio,-0.0008673515981523217
2025-06-10,Current_Portfolio,-0.0011320746879769361
2025-06-11,Current_Portfolio,0.0
2025-06-12,Current_Portfolio,-0.00010398885117690604
2025-06-13,Current_Portfolio,-0.0011447518932825584
2025-06-16,Current_Portfolio,-0.0015303833727697835
2025-06-17,Current_Portfolio,-0.002298224681753225
2025-06-18,Current_Portfolio,-0.00134790355137282
2025-06-19,Current_Portfolio,-0.0006109319852286577
2025-06-20,Current_Portfolio,-0.000926667949847193
2025-06-23,Current_Portfolio,0.0
2025-06-24,Current_Portfolio,0.0
2025-06-25,Current_Portfolio,0.0
2025-06-27,Current_Portfolio,0.0
2025-06-30,Current_Portfolio,0.0
2025-07-01,Current_Portfolio,0.0
2025-07-02,Current_Portfolio,0.0
2025-07-03,Current_Portfolio,0.0
2025-07-04,Current_Portfolio,0.0
2025-07-07,Current_Portfolio,0.0
2025-07-08,Current_Portfolio,0.0
2025-07-09,Current_Portfolio,0.0
2025-07-10,Current_Portfolio,0.0
2025-07-11,Current_Portfolio,0.0
2025-07-14,Current_Portfolio,-0.00010305458848414162
2025-07-15,Current_Portfolio,-5.3993443642763594e-05
2025-07-16,Current_Portfolio,0.0
2025-07-17,Current_Portfolio,0.0
2025-07-18,Current_Portfolio,0.0
2025-07-21,Current_Portfolio,0.0
2025-07-22,Current_Portfolio,0.0
2025-07-23,Current_Portfolio,0.0
2025-07-24,Current_Portfolio,0.0
2025-07-28,Current_Portfolio,-0.0005279170557871415
2025-07-29,Current_Portfolio,0.0
2025-07-30,Current_Portfolio,0.0
2025-07-31,Current_Portfolio,0.0
2025-08-01,Current_Portfolio,0.0
2025-08-04,Current_Portfolio,0.0
2025-08-05,Current_Portfolio,-9.236218572072907e-05
2025-08-06,Current_Portfolio,-0.0005799693164166841
2025-08-07,Current_Portfolio,-0.00019420621192767218
2025-08-08,Current_Portfolio,-0.00019101629628792693
2025-08-11,Current_Portfolio,0.0
2025-08-12,Current_Portfolio,0.0
2025-08-14,Current_Portfolio,0.0
2025-08-15,Current_Portfolio,0.0
2025-08-18,Current_Portfolio,0.0
2025-08-19,Current_Portfolio,0.0
2025-08-20,Current_Portfolio,0.0
2025-08-21,Current_Portfolio,0.0
2025-08-22,Current_Portfolio,0.0
2025-08-25,Current_Portfolio,0.0
2025-08-26,Current_Portfolio,0.0
2025-08-27,Current_Portfolio,0.0
2025-08-28,Current_Portfolio,0.0
2025-08-29,Current_Portfolio,0.0
2025-09-01,Current_Portfolio,0.0
2025-09-02,Current_Portfolio,0.0
2025-09-03,Current_Portfolio,0.0
2025-09-05,Current_Portfolio,0.0
2025-09-08,Current_Portfolio,0.0
2025-09-09,Current_Portfolio,0.0
2025-09-10,Current_Portfolio,0.0
2025-09-11,Current_Portfolio,0.0
2025-09-12,Current_Portfolio,0.0
2025-09-15,Current_Portfolio,0.0
2025-09-16,Current_Portfolio,0.0
2025-09-17,Current_Portfolio,0.0
2025-09-18,Current_Portfolio,0.0
2025-09-19,Current_Portfolio,-0.0005481200469890091
2025-09-22,Current_Portfolio,0.0
2025-09-23,Current_Portfolio,0.0
2025-09-24,Current_Portfolio,0.0
2025-09-25,Current_Portfolio,-0.0005029721503727602
2025-09-26,Current_Portfolio,-0.0009650324280652267
2025-09-29,Current_Portfolio,-0.0012181049475670225
2025-09-30,Current_Portfolio,-0.0012364092911049118
2025-10-01,Current_Portfolio,-0.0010065247612351946
2025-10-02,Current_Portfolio,-0.001446837438095483
2025-10-03,Current_Portfolio,-0.00162492107510126
2025-10-06,Current_Portfolio,0.0
2025-10-07,Current_Portfolio,-0.00036802300635818685
2025-10-08,Current_Portfolio,0.0
2025-10-09,Current_Portfolio,-0.00022945936621043828
2025-10-10,Current_Portfolio,0.0
2025-10-13,Current_Portfolio,0.0
2025-10-14,Current_Portfolio,0.0
2025-10-16,Current_Portfolio,0.0
2025-10-17,Current_Portfolio,0.0
2025-10-20,Current_Portfolio,0.0
2025-10-21,Current_Portfolio,0.0
2025-10-22,Current_Portfolio,0.0
2025-10-23,Current_Portfolio,0.0
2025-10-24,Current_Portfolio,0.0
2025-10-27,Current_Portfolio,0.0
2025-10-28,Current_Portfolio,0.0
2025-10-29,Current_Portfolio,0.0
2025-10-30,Current_Portfolio,0.0
2025-10-31,Current_Portfolio,0.0
2025-11-03,Current_Portfolio,0.0
2025-11-04,Current_Portfolio,-1.997589655955423e-05
2025-11-05,Current_Portfolio,0.0
2025-11-06,Current_Portfolio,0.0
2025-11-07,Current_Portfolio,0.0
2025-11-10,Current_Portfolio,0.0
2025-11-11,Current_Portfolio,0.0
2025-11-12,Current_Portfolio,0.0
2025-11-13,Current_Portfolio,0.0
2025-11-14,Current_Portfolio,-0.0011249941691606757
2025-11-17,Current_Portfolio,0.0
2025-11-18,Current_Portfolio,0.0
2025-11-19,Current_Portfolio,0.0
2025-11-20,Current_Portfolio,0.0
2025-11-21,Current_Portfolio,0.0
2025-11-24,Current_Portfolio,0.0
2025-11-25,Current_Portfolio,0.0
2025-11-26,Current_Portfolio,0.0
2025-11-27,Current_Portfolio,0.0
2025-11-28,Current_Portfolio,0.0
2025-12-01,Current_Portfolio,0.0
2025-12-02,Current_Portfolio,0.0
2025-12-03,Current_Portfolio,0.0
2025-12-04,Current_Portfolio,0.0
2025-12-05,Current_Portfolio,0.0
2025-12-08,Current_Portfolio,0.0
2025-12-09,Current_Portfolio,0.0
2025-12-10,Current_Portfolio,0.0
2025-12-11,Current_Portfolio,0.0
2025-12-12,Current_Portfolio,0.0
2025-12-15,Current_Portfolio,-9.9109161312394e-05
2025-12-16,Current_Portfolio,0.0
2025-12-18,Current_Portfolio,0.0
2025-12-19,Current_Portfolio,0.0
2025-12-22,Current_Portfolio,0.0
2025-12-23,Current_Portfolio,0.0
2025-12-24,Current_Portfolio,0.0
2025-12-25,Current_Portfolio,0.0
2025-12-26,Current_Portfolio,0.0
2025-12-29,Current_Portfolio,0.0
2025-12-30,Current_Portfolio,0.0
2025-12-31,Current_Portfolio,0.0
2025-01-03,Minimum_Variance,0.0
2025-01-06,Minimum_Variance,0.0
2025-01-07,Minimum_Variance,-0.000321959728012744
2025-01-08,Minimum_Variance,-0.00014185764285501445
2025-01-09,Minimum_Variance,0.0
2025-01-10,Minimum_Variance,0.0
2025-01-13,Minimum_Variance,0.0
2025-01-14,Minimum_Variance,0.0
2025-01-15,Minimum_Variance,0.0
2025-01-16,Minimum_Variance,0.0
2025-01-17,Minimum_Variance,0.0
2025-01-20,Minimum_Variance,0.0
2025-01-21,Minimum_Variance,0.0
2025-01-22,Minimum_Variance,0.0
2025-01-23,Minimum_Variance,0.0
2025-01-24,Minimum_Variance,0.0
2025-01-27,Minimum_Variance,0.0
2025-01-28,Minimum_Variance,0.0
2025-01-29,Minimum_Variance,0.0
2025-01-30,Minimum_Variance,-0.0005588555264273154
2025-01-31,Minimum_Variance,-0.00023653006568535861
2025-02-03,Minimum_Variance,0.0
2025-02-04,Minimum_Variance,0.0
2025-02-05,Minimum_Variance,0.0
2025-02-06,Minimum_Variance,0.0
2025-02-07,Minimum_Variance,0.0
2025-02-10,Minimum_Variance,0.0
2025-02-11,Minimum_Variance,0.0
2025-02-12,Minimum_Variance,0.0
2025-02-13,Minimum_Variance,0.0
2025-02-14,Minimum_Variance,0.0
2025-02-17,Minimum_Variance,0.0
2025-02-18,Minimum_Variance,0.0
2025-02-19,Minimum_Variance,0.0
2025-02-20,Minimum_Variance,0.0
2025-02-21,Minimum_Variance,0.0
2025-02-24,Minimum_Variance,0.0
2025-02-25,Minimum_Variance,0.0
2025-02-26,Minimum_Variance,0.0
2025-02-27,Minimum_Variance,0.0
2025-02-28,Minimum_Variance,-0.0007625058273064145
2025-03-03,Minimum_Variance,0.0
2025-03-04,Minimum_Variance,0.0
2025-03-05,Minimum_Variance,0.0
2025-03-06,Minimum_Variance,0.0
2025-03-07,Minimum_Variance,-0.0007694914651114049
2025-03-10,Minimum_Variance,0.0
2025-03-11,Minimum_Variance,-0.0006234660083815902
2025-03-12,Minimum_Variance,0.0
2025-03-13,Minimum_Variance,0.0
2025-03-14,Minimum_Variance,-0.0002005761293761843
2025-03-17,Minimum_Variance,0.0
2025-03-18,Minimum_Variance,0.0
2025-03-19,Minimum_Variance,0.0
2025-03-21,Minimum_Variance,0.0
2025-03-24,Minimum_Variance,0.0
2025-03-25,Minimum_Variance,0.0
2025-03-26,Minimum_Variance,0.0
2025-03-27,Minimum_Variance,-8.809347605343021e-05
2025-03-28,Minimum_Variance,0.0
2025-04-02,Minimum_Variance,0.0
2025-04-03,Minimum_Variance,0.0
2025-04-04,Minimum_Variance,0.0
2025-04-07,Minimum_Variance,0.0
2025-04-08,Minimum_Variance,-0.000271519925147623
2025-04-10,Minimum_Variance,0.0
2025-04-11,Minimum_Variance,0.0
2025-04-14,Minimum_Variance,0.0
2025-04-15,Minimum_Variance,0.0
2025-04-16,Minimum_Variance,0.0
2025-04-17,Minimum_Variance,0.0
2025-04-18,Minimum_Variance,0.0
2025-04-21,Minimum_Variance,0.0
2025-04-22,Minimum_Variance,0.0
2025-04-23,Minimum_Variance,0.0
2025-04-24,Minimum_Variance,0.0
2025-04-25,Minimum_Variance,0.0
2025-04-28,Minimum_Variance,0.0
2025-04-29,Minimum_Variance,0.0
2025-04-30,Minimum_Variance,0.0
2025-05-02,Minimum_Variance,0.0
2025-05-05,Minimum_Variance,0.0
2025-05-06,Minimum_Variance,0.0
2025-05-07,Minimum_Variance,0.0
2025-05-08,Minimum_Variance,0.0
2025-05-09,Minimum_Variance,-0.0002786892885218162
2025-05-12,Minimum_Variance,0.0
2025-05-13,Minimum_Variance,0.0
2025-05-14,Minimum_Variance,0.0
2025-05-15,Minimum_Variance,-0.00017895218907870714
2025-05-16,Minimum_Variance,0.0
2025-05-19,Minimum_Variance,0.0
2025-05-20,Minimum_Variance,-0.0015159864257238143
2025-05-21,Minimum_Variance,-0.0006215955401480677
2025-05-22,Minimum_Variance,-0.00048559509153756064
2025-05-26,Minimum_Variance,0.0
2025-05-27,Minimum_Variance,-5.7225868161703275e-05
2025-05-28,Minimum_Variance,0.0
2025-05-29,Minimum_Variance,-0.00040172349015910047
2025-05-30,Minimum_Variance,0.0
2025-06-02,Minimum_Variance,0.0
2025-06-03,Minimum_Variance,-0.002017943901301944
2025-06-04,Minimum_Variance,-0.0009389078708603726
2025-06-05,Minimum_Variance,-0.0009542365169942224
2025-06-09,Minimum_Variance,-0.0005940396397503545
2025-06-10,Minimum_Variance,-0.00043534464586225674
2025-06-11,Minimum_Variance,0.0
2025-06-12,Minimum_Variance,0.0
2025-06-13,Minimum_Variance,-0.0007602979697221013
2025-06-16,Minimum_Variance,-0.000965317269445598
2025-06-17,Minimum_Variance,-0.001193391632584695
2025-06-18,Minimum_Variance,-0.0006671739959132061
2025-06-19,Minimum_Variance,0.0
2025-06-20,Minimum_Variance,-0.0002857545436846243
2025-06-23,Minimum_Variance,0.0
2025-06-24,Minimum_Variance,0.0
2025-06-25,Minimum_Variance,0.0
2025-06-27,Minimum_Variance,0.0
2025-06-30,Minimum_Variance,0.0
2025-07-01,Minimum_Variance,0.0
2025-07-02,Minimum_Variance,0.0
2025-07-03,Minimum_Variance,0.0
2025-07-04,Minimum_Variance,0.0
2025-07-07,Minimum_Variance,-7.847692717211086e-05
2025-07-08,Minimum_Variance,0.0
2025-07-09,Minimum_Variance,0.0
2025-07-10,Minimum_Variance,0.0
2025-07-11,Minimum_Variance,0.0
2025-07-14,Minimum_Variance,0.0
2025-07-15,Minimum_Variance,0.0
2025-07-16,Minimum_Variance,0.0
2025-07-17,Minimum_Variance,0.0
2025-07-18,Minimum_Variance,0.0
2025-07-21,Minimum_Variance,0.0
2025-07-22,Minimum_Variance,0.0
2025-07-23,Minimum_Variance,0.0
2025-07-24,Minimum_Variance,0.0
2025-07-28,Minimum_Variance,0.0
2025-07-29,Minimum_Variance,0.0
2025-07-30,Minimum_Variance,0.0
2025-07-31,Minimum_Variance,0.0
2025-08-01,Minimum_Variance,0.0
2025-08-04,Minimum_Variance,0.0
2025-08-05,Minimum_Variance,0.0
2025-08-06,Minimum_Variance,-0.0003444658363228603
2025-08-07,Minimum_Variance,0.0
2025-08-08,Minimum_Variance,0.0
2025-08-11,Minimum_Variance,0.0
2025-08-12,Minimum_Variance,0.0
2025-08-14,Minimum_Variance,0.0
2025-08-15,Minimum_Variance,0.0
2025-08-18,Minimum_Variance,0.0
2025-08-19,Minimum_Variance,0.0
2025-08-20,Minimum_Variance,0.0
2025-08-21,Minimum_Variance,0.0
2025-08-22,Minimum_Variance,0.0
2025-08-25,Minimum_Variance,0.0
2025-08-26,Minimum_Variance,0.0
2025-08-27,Minimum_Variance,0.0
2025-08-28,Minimum_Variance,0.0
2025-08-29,Minimum_Variance,0.0
2025-09-01,Minimum_Variance,0.0
2025-09-02,Minimum_Variance,0.0
2025-09-03,Minimum_Variance,0.0
2025-09-05,Minimum_Variance,0.0
2025-09-08,Minimum_Variance,0.0
2025-09-09,Minimum_Variance,-2.825168508335807e-05
2025-09-10,Minimum_Variance,0.0
2025-09-11,Minimum_Variance,0.0
2025-09-12,Minimum_Variance,0.0
2025-09-15,Minimum_Variance,0.0
2025-09-16,Minimum_Variance,0.0
2025-09-17,Minimum_Variance,0.0
2025-09-18,Minimum_Variance,0.0
2025-09-19,Minimum_Variance,-0.0005249052029629997
2025-09-22,Minimum_Variance,0.0
2025-09-23,Minimum_Variance,0.0
2025-09-24,Minimum_Variance,0.0
2025-09-25,Minimum_Variance,-0.0003547735540235797
2025-09-26,Minimum_Variance,-0.0008090618559554175
2025-09-29,Minimum_Variance,-0.0006284577805930613
2025-09-30,Minimum_Variance,-0.0009752750393098308
2025-10-01,Minimum_Variance,-0.0007256805439037617
2025-10-02,Minimum_Variance,-0.0007501165869931992
2025-10-03,Minimum_Variance,-0.0007056859819875028
2025-10-06,Minimum_Variance,0.0
2025-10-07,Minimum_Variance,-9.179952821591897e-05
2025-10-08,Minimum_Variance,-3.389589013058636e-05
2025-10-09,Minimum_Variance,-0.00024207784793084386
2025-10-10,Minimum_Variance,0.0
2025-10-13,Minimum_Variance,0.0
2025-10-14,Minimum_Variance,0.0
2025-10-16,Minimum_Variance,0.0
2025-10-17,Minimum_Variance,0.0
2025-10-20,Minimum_Variance,0.0
2025-10-21,Minimum_Variance,0.0
2025-10-22,Minimum_Variance,0.0
2025-10-23,Minimum_Variance,0.0
2025-10-24,Minimum_Variance,0.0
2025-10-27,Minimum_Variance,0.0
2025-10-28,Minimum_Variance,0.0
2025-10-29,Minimum_Variance,0.0
2025-10-30,Minimum_Variance,0.0
2025-10-31,Minimum_Variance,0.0
2025-11-03,Minimum_Variance,0.0
2025-11-04,Minimum_Variance,0.0
2025-11-05,Minimum_Variance,0.0
2025-11-06,Minimum_Variance,0.0
2025-11-07,Minimum_Variance,0.0
2025-11-10,Minimum_Variance,0.0
2025-11-11,Minimum_Variance,0.0
2025-11-12,Minimum_Variance,0.0
2025-11-13,Minimum_Variance,0.0
2025-11-14,Minimum_Variance,-0.0010917113506078158
2025-11-17,Minimum_Variance,0.0
2025-11-18,Minimum_Variance,0.0
2025-11-19,Minimum_Variance,0.0
2025-11-20,Minimum_Variance,0.0
2025-11-21,Minimum_Variance,0.0
2025-11-24,Minimum_Variance,-0.00012477101141683544
2025-11-25,Minimum_Variance,-0.00016293198562278288
2025-11-26,Minimum_Variance,0.0
2025-11-27,Minimum_Variance,0.0
2025-11-28,Minimum_Variance,0.0
2025-12-01,Minimum_Variance,0.0
2025-12-02,Minimum_Variance,0.0
2025-12-03,Minimum_Variance,0.0
2025-12-04,Minimum_Variance,0.0
2025-12-05,Minimum_Variance,0.0
2025-12-08,Minimum_Variance,0.0
2025-12-09,Minimum_Variance,0.0
2025-12-10,Minimum_Variance,0.0
2025-12-11,Minimum_Variance,0.0
2025-12-12,Minimum_Variance,0.0
2025-12-15,Minimum_Variance,0.0
2025-12-16,Minimum_Variance,0.0
2025-12-18,Minimum_Variance,0.0
2025-12-19,Minimum_Variance,0.0
2025-12-22,Minimum_Variance,0.0
2025-12-23,Minimum_Variance,0.0
2025-12-24,Minimum_Variance,0.0
2025-12-25,Minimum_Variance,0.0
2025-12-26,Minimum_Variance,0.0
2025-12-29,Minimum_Variance,0.0
2025-12-30,Minimum_Variance,0.0
2025-12-31,Minimum_Variance,0.0
2025-01-03,Max_Sharpe,0.0
2025-01-06,Max_Sharpe,0.0
2025-01-07,Max_Sharpe,-0.0003086085071972722
2025-01-08,Max_Sharpe,-0.00012810580014965822
2025-01-09,Max_Sharpe,0.0
2025-01-10,Max_Sharpe,0.0
2025-01-13,Max_Sharpe,0.0
2025-01-14,Max_Sharpe,0.0
2025-01-15,Max_Sharpe,0.0
2025-01-16,Max_Sharpe,0.0
2025-01-17,Max_Sharpe,0.0
2025-01-20,Max_Sharpe,0.0
2025-01-21,Max_Sharpe,0.0
2025-01-22,Max_Sharpe,0.0
2025-01-23,Max_Sharpe,0.0
2025-01-24,Max_Sharpe,0.0
2025-01-27,Max_Sharpe,0.0
2025-01-28,Max_Sharpe,0.0
2025-01-29,Max_Sharpe,0.0
2025-01-30,Max_Sharpe,-0.000540988451397828
2025-01-31,Max_Sharpe,-0.0002045268610597617
2025-02-03,Max_Sharpe,0.0
2025-02-04,Max_Sharpe,0.0
2025-02-05,Max_Sharpe,0.0
2025-02-06,Max_Sharpe,0.0
2025-02-07,Max_Sharpe,0.0
2025-02-10,Max_Sharpe,0.0
2025-02-11,Max_Sharpe,0.0
2025-02-12,Max_Sharpe,0.0
2025-02-13,Max_Sharpe,0.0
2025-02-14,Max_Sharpe,0.0
2025-02-17,Max_Sharpe,0.0
2025-02-18,Max_Sharpe,0.0
2025-02-19,Max_Sharpe,0.0
2025-02-20,Max_Sharpe,0.0
2025-02-21,Max_Sharpe,0.0
2025-02-24,Max_Sharpe,0.0
2025-02-25,Max_Sharpe,0.0
2025-02-26,Max_Sharpe,0.0
2025-02-27,Max_Sharpe,0.0
2025-02-28,Max_Sharpe,-0.0007282829647844435
2025-03-03,Max_Sharpe,0.0
2025-03-04,Max_Sharpe,0.0
2025-03-05,Max_Sharpe,0.0
2025-03-06,Max_Sharpe,0.0
2025-03-07,Max_Sharpe,-0.0007183164675298448
2025-03-10,Max_Sharpe,0.0
2025-03-11,Max_Sharpe,-0.0005988298702177541
2025-03-12,Max_Sharpe,0.0
2025-03-13,Max_Sharpe,0.0
2025-03-14,Max_Sharpe,-0.0001343887057376758
2025-03-17,Max_Sharpe,0.0
2025-03-18,Max_Sharpe,0.0
2025-03-19,Max_Sharpe,0.0
2025-03-21,Max_Sharpe,0.0
2025-03-24,Max_Sharpe,0.0
2025-03-25,Max_Sharpe,0.0
2025-03-26,Max_Sharpe,0.0
2025-03-27,Max_Sharpe,-0.00016720010001891605
2025-03-28,Max_Sharpe,0.0
2025-04-02,Max_Sharpe,0.0
2025-04-03,Max_Sharpe,0.0
2025-04-04,Max_Sharpe,0.0
2025-04-07,Max_Sharpe,0.0
2025-04-08,Max_Sharpe,-0.00022480927848222976
2025-04-10,Max_Sharpe,0.0
2025-04-11,Max_Sharpe,0.0
2025-04-14,Max_Sharpe,0.0
2025-04-15,Max_Sharpe,0.0
2025-04-16,Max_Sharpe,0.0
2025-04-17,Max_Sharpe,0.0
2025-04-18,Max_Sharpe,0.0
2025-04-21,Max_Sharpe,0.0
2025-04-22,Max_Sharpe,0.0
2025-04-23,Max_Sharpe,0.0
2025-04-24,Max_Sharpe,0.0
2025-04-25,Max_Sharpe,0.0
2025-04-28,Max_Sharpe,0.0
2025-04-29,Max_Sharpe,0.0
2025-04-30,Max_Sharpe,0.0
2025-05-02,Max_Sharpe,0.0
2025-05-05,Max_Sharpe,0.0
2025-05-06,Max_Sharpe,0.0
2025-05-07,Max_Sharpe,0.0
2025-05-08,Max_Sharpe,0.0
2025-05-09,Max_Sharpe,-0.00025382525938744127
2025-05-12,Max_Sharpe,0.0
2025-05-13,Max_Sharpe,0.0
2025-05-14,Max_Sharpe,0.0
2025-05-15,Max_Sharpe,-0.00013044870707878964
2025-05-16,Max_Sharpe,0.0
2025-05-19,Max_Sharpe,0.0
2025-05-20,Max_Sharpe,-0.001514350859443181
2025-05-21,Max_Sharpe,-0.0006173254353152302
2025-05-22,Max_Sharpe,-0.0004812430586558225
2025-05-26,Max_Sharpe,0.0
2025-05-27,Max_Sharpe,-5.1074718753763015e-05
2025-05-28,Max_Sharpe,0.0
2025-05-29,Max_Sharpe,-0.0003743837372368608
2025-05-30,Max_Sharpe,0.0
2025-06-02,Max_Sharpe,0.0
2025-06-03,Max_Sharpe,-0.001960341064687565
2025-06-04,Max_Sharpe,-0.0008258435871879577
2025-06-05,Max_Sharpe,-0.0009349926049698754
2025-06-09,Max_Sharpe,-0.0005861910353153199
2025-06-10,Max_Sharpe,-0.00044916489928514824
2025-06-11,Max_Sharpe,0.0
2025-06-12,Max_Sharpe,0.0
2025-06-13,Max_Sharpe,-0.0008192868401304398
2025-06-16,Max_Sharpe,-0.0010094371920553735
2025-06-17,Max_Sharpe,-0.0012335299648555953
2025-06-18,Max_Sharpe,-0.0006974801805020858
2025-06-19,Max_Sharpe,0.0
2025-06-20,Max_Sharpe,-0.0002529924805851902
2025-06-23,Max_Sharpe,0.0
2025-06-24,Max_Sharpe,0.0
2025-06-25,Max_Sharpe,0.0
2025-06-27,Max_Sharpe,0.0
2025-06-30,Max_Sharpe,0.0
2025-07-01,Max_Sharpe,0.0
2025-07-02,Max_Sharpe,0.0
2025-07-03,Max_Sharpe,0.0
2025-07-04,Max_Sharpe,0.0
2025-07-07,Max_Sharpe,-2.995297748720205e-07
2025-07-08,Max_Sharpe,0.0
2025-07-09,Max_Sharpe,0.0
2025-07-10,Max_Sharpe,0.0
2025-07-11,Max_Sharpe,0.0
2025-07-14,Max_Sharpe,0.0
2025-07-15,Max_Sharpe,0.0
2025-07-16,Max_Sharpe,0.0
2025-07-17,Max_Sharpe,0.0
2025-07-18,Max_Sharpe,0.0
2025-07-21,Max_Sharpe,0.0
2025-07-22,Max_Sharpe,0.0
2025-07-23,Max_Sharpe,0.0
2025-07-24,Max_Sharpe,0.0
2025-07-28,Max_Sharpe,0.0
2025-07-29,Max_Sharpe,0.0
2025-07-30,Max_Sharpe,0.0
2025-07-31,Max_Sharpe,0.0
2025-08-01,Max_Sharpe,0.0
2025-08-04,Max_Sharpe,0.0
2025-08-05,Max_Sharpe,0.0
2025-08-06,Max_Sharpe,-0.0003299955566961055
2025-08-07,Max_Sharpe,0.0
2025-08-08,Max_Sharpe,0.0
2025-08-11,Max_Sharpe,0.0
2025-08-12,Max_Sharpe,0.0
2025-08-14,Max_Sharpe,0.0
2025-08-15,Max_Sharpe,0.0
2025-08-18,Max_Sharpe,0.0
2025-08-19,Max_Sharpe,0.0
2025-08-20,Max_Sharpe,0.0
2025-08-21,Max_Sharpe,0.0
2025-08-22,Max_Sharpe,0.0
2025-08-25,Max_Sharpe,0.0
2025-08-26,Max_Sharpe,0.0
2025-08-27,Max_Sharpe,0.0
2025-08-28,Max_Sharpe,0.0
2025-08-29,Max_Sharpe,0.0
2025-09-01,Max_Sharpe,0.0
2025-09-02,Max_Sharpe,0.0
2025-09-03,Max_Sharpe,0.0
2025-09-05,Max_Sharpe,0.0
2025-09-08,Max_Sharpe,0.0
2025-09-09,Max_Sharpe,-3.880851090209969e-05
2025-09-10,Max_Sharpe,0.0
2025-09-11,Max_Sharpe,0.0
2025-09-12,Max_Sharpe,0.0
2025-09-15,Max_Sharpe,0.0
2025-09-16,Max_Sharpe,0.0
2025-09-17,Max_Sharpe,0.0
2025-09-18,Max_Sharpe,0.0
2025-09-19,Max_Sharpe,-0.0004887684347445465
2025-09-22,Max_Sharpe,0.0
2025-09-23,Max_Sharpe,0.0
2025-09-24,Max_Sharpe,0.0
2025-09-25,Max_Sharpe,-0.0003372231061499198
2025-09-26,Max_Sharpe,-0.0007670925845794097
2025-09-29,Max_Sharpe,-0.0005728892670587848
2025-09-30,Max_Sharpe,-0.0008825753431285221
2025-10-01,Max_Sharpe,-0.0006356965850689011
2025-10-02,Max_Sharpe,-0.0006687281622641539
2025-10-03,Max_Sharpe,-0.0006382137935708743
2025-10-06,Max_Sharpe,0.0
2025-10-07,Max_Sharpe,-8.965824091167196e-05
2025-10-08,Max_Sharpe,-1.6645907343626476e-06
2025-10-09,Max_Sharpe,-0.00018544221714134057
2025-10-10,Max_Sharpe,0.0
2025-10-13,Max_Sharpe,0.0
2025-10-14,Max_Sharpe,0.0
2025-10-16,Max_Sharpe,0.0
2025-10-17,Max_Sharpe,0.0
2025-10-20,Max_Sharpe,0.0
2025-10-21,Max_Sharpe,0.0
2025-10-22,Max_Sharpe,0.0
2025-10-23,Max_Sharpe,0.0
2025-10-24,Max_Sharpe,0.0
2025-10-27,Max_Sharpe,0.0
2025-10-28,Max_Sharpe,0.0
2025-10-29,Max_Sharpe,0.0
2025-10-30,Max_Sharpe,0.0
2025-10-31,Max_Sharpe,0.0
2025-11-03,Max_Sharpe,0.0
2025-11-04,Max_Sharpe,0.0
2025-11-05,Max_Sharpe,0.0
2025-11-06,Max_Sharpe,0.0
2025-11-07,Max_Sharpe,0.0
2025-11-10,Max_Sharpe,0.0
2025-11-11,Max_Sharpe,0.0
2025-11-12,Max_Sharpe,0.0
2025-11-13,Max_Sharpe,0.0
2025-11-14,Max_Sharpe,-0.0010526069256150405
2025-11-17,Max_Sharpe,0.0
2025-11-18,Max_Sharpe,0.0
2025-11-19,Max_Sharpe,0.0
2025-11-20,Max_Sharpe,0.0
2025-11-21,Max_Sharpe,0.0
2025-11-24,Max_Sharpe,-8.140669688960767e-05
2025-11-25,Max_Sharpe,-0.0001015239480817165
2025-11-26,Max_Sharpe,0.0
2025-11-27,Max_Sharpe,0.0
2025-11-28,Max_Sharpe,0.0
2025-12-01,Max_Sharpe,0.0
2025-12-02,Max_Sharpe,0.0
2025-12-03,Max_Sharpe,0.0
2025-12-04,Max_Sharpe,0.0
2025-12-05,Max_Sharpe,0.0
2025-12-08,Max_Sharpe,0.0
2025-12-09,Max_Sharpe,0.0
2025-12-10,Max_Sharpe,0.0
2025-12-11,Max_Sharpe,0.0
2025-12-12,Max_Sharpe,0.0
2025-12-15,Max_Sharpe,0.0
2025-12-16,Max_Sharpe,0.0
2025-12-18,Max_Sharpe,0.0
2025-12-19,Max_Sharpe,0.0
2025-12-22,Max_Sharpe,0.0
2025-12-23,Max_Sharpe,0.0
2025-12-24,Max_Sharpe,0.0
2025-12-25,Max_Sharpe,0.0
2025-12-26,Max_Sharpe,0.0
2025-12-29,Max_Sharpe,0.0
2025-12-30,Max_Sharpe,0.0
2025-12-31,Max_Sharpe,0.0
2025-01-03,Max_Return,0.0
2025-01-06,Max_Return,0.0
2025-01-07,Max_Return,-0.0018337608792398097
2025-01-08,Max_Return,-0.0014102810567799828
2025-01-09,Max_Return,-0.0013184015275943262
2025-01-10,Max_Return,-0.0010720153754516515
2025-01-13,Max_Return,-0.0009311391306935368
2025-01-14,Max_Return,-9.541360938114529e-05
2025-01-15,Max_Return,0.0
2025-01-16,Max_Return,-0.0012188954553064013
2025-01-17,Max_Return,-0.00023673793764134032
2025-01-20,Max_Return,0.0
2025-01-21,Max_Return,-0.0008267052653078144
2025-01-22,Max_Return,0.0
2025-01-23,Max_Return,0.0
2025-01-24,Max_Return,0.0
2025-01-27,Max_Return,-0.0013258795339506912
2025-01-28,Max_Return,-0.0017258460563059907
2025-01-29,Max_Return,-0.0010026727924555834
2025-01-30,Max_Return,-0.0011880252876739217
2025-01-31,Max_Return,-0.0007739755321658492
2025-02-03,Max_Return,-0.0013423727615774483
2025-02-04,Max_Return,-0.000812909717419541
2025-02-05,Max_Return,-1.558107491794747e-05
2025-02-06,Max_Return,0.0
2025-02-07,Max_Return,0.0
2025-02-10,Max_Return,0.0
2025-02-11,Max_Return,0.0
2025-02-12,Max_Return,0.0
2025-02-13,Max_Return,0.0
2025-02-14,Max_Return,0.0
2025-02-17,Max_Return,-0.0008697648477463682
2025-02-18,Max_Return,-0.00032214304337807587
2025-02-19,Max_Return,0.0
2025-02-20,Max_Return,-0.0007774774320143951
2025-02-21,Max_Return,0.0
2025-02-24,Max_Return,0.0
2025-02-25,Max_Return,0.0
2025-02-26,Max_Return,0.0
2025-02-27,Max_Return,0.0
2025-02-28,Max_Return,-0.0002771157235222921
2025-03-03,Max_Return,0.0
2025-03-04,Max_Return,-0.0003291201547184208
2025-03-05,Max_Return,-0.000695835216148466
2025-03-06,Max_Return,-0.0009575484977556448
2025-03-07,Max_Return,-0.0007738090553054411
2025-03-10,Max_Return,0.0
2025-03-11,Max_Return,0.0
2025-03-12,Max_Return,0.0
2025-03-13,Max_Return,0.0
2025-03-14,Max_Return,0.0
2025-03-17,Max_Return,0.0
2025-03-18,Max_Return,0.0
2025-03-19,Max_Return,0.0
2025-03-21,Max_Return,0.0
2025-03-24,Max_Return,0.0
2025-03-25,Max_Return,-0.0014555906642262917
2025-03-26,Max_Return,0.0
2025-03-27,Max_Return,0.0
2025-03-28,Max_Return,0.0
2025-04-02,Max_Return,0.0
2025-04-03,Max_Return,0.0
2025-04-04,Max_Return,0.0
2025-04-07,Max_Return,0.0
2025-04-08,Max_Return,0.0
2025-04-10,Max_Return,0.0
2025-04-11,Max_Return,0.0
2025-04-14,Max_Return,-0.0008833000994559193
2025-04-15,Max_Return,0.0
2025-04-16,Max_Return,0.0
2025-04-17,Max_Return,0.0
2025-04-18,Max_Return,-0.0028364282778144956
2025-04-21,Max_Return,-0.0016411251584482756
2025-04-22,Max_Return,-0.0003583737928889441
2025-04-23,Max_Return,0.0
2025-04-24,Max_Return,-5.2040828871335876e-05
2025-04-25,Max_Return,-0.0005274990892903952
2025-04-28,Max_Return,0.0
2025-04-29,Max_Return,-0.0001575420213143497
2025-04-30,Max_Return,0.0
2025-05-02,Max_Return,0.0
2025-05-05,Max_Return,0.0
2025-05-06,Max_Return,0.0
2025-05-07,Max_Return,-0.0028380624719238634
2025-05-08,Max_Return,-0.003656095582894592
2025-05-09,Max_Return,-0.004412151087118565
2025-05-12,Max_Return,-0.00432800122020538
2025-05-13,Max_Return,-0.004967196683963726
2025-05-14,Max_Return,-0.003408697383273651
2025-05-15,Max_Return,-0.0036886055411728957
2025-05-16,Max_Return,-0.0027571795705184643
2025-05-19,Max_Return,-0.0016278260145605739
2025-05-20,Max_Return,-0.0035782247939524225
2025-05-21,Max_Return,-0.0018891230638370393
2025-05-22,Max_Return,-0.0028719359891046237
2025-05-26,Max_Return,0.0
2025-05-27,Max_Return,0.0
2025-05-28,Max_Return,0.0
2025-05-29,Max_Return,-6.14869173776178e-05
2025-05-30,Max_Return,0.0
2025-06-02,Max_Return,0.0
2025-06-03,Max_Return,-0.0004530293738420621
2025-06-04,Max_Return,0.0
2025-06-05,Max_Return,-0.00041430865014402407
2025-06-09,Max_Return,0.0
2025-06-10,Max_Return,-0.0005254328707970934
2025-06-11,Max_Return,0.0
2025-06-12,Max_Return,0.0
2025-06-13,Max_Return,-0.0014681040770557763
2025-06-16,Max_Return,-0.002406334487185968
2025-06-17,Max_Return,-0.0021910786676394567
2025-06-18,Max_Return,-0.0017680797181983676
2025-06-19,Max_Return,-0.002417801481547799
2025-06-20,Max_Return,-0.0005681401735897484
2025-06-23,Max_Return,-6.832380684751449e-05
2025-06-24,Max_Return,-0.0004452142435151796
2025-06-25,Max_Return,0.0
2025-06-27,Max_Return,0.0
2025-06-30,Max_Return,0.0
2025-07-01,Max_Return,0.0
2025-07-02,Max_Return,0.0
2025-07-03,Max_Return,0.0
2025-07-04,Max_Return,0.0
2025-07-07,Max_Return,0.0
2025-07-08,Max_Return,-0.00027881546658636847
2025-07-09,Max_Return,0.0
2025-07-10,Max_Return,-0.0006948118589954477
2025-07-11,Max_Return,-0.0008316341320746545
2025-07-14,Max_Return,-0.0006361810830103343
2025-07-15,Max_Return,-0.0006991291316194026
2025-07-16,Max_Return,0.0
2025-07-17,Max_Return,-0.002354028637365002
2025-07-18,Max_Return,0.0
2025-07-21,Max_Return,0.0
2025-07-22,Max_Return,0.0
2025-07-23,Max_Return,-0.000583199386538169
2025-07-24,Max_Return,0.0
2025-07-28,Max_Return,0.0
2025-07-29,Max_Return,0.0
2025-07-30,Max_Return,0.0
2025-07-31,Max_Return,-7.105714099253646e-05
2025-08-01,Max_Return,0.0
2025-08-04,Max_Return,-0.0004877985667982587
2025-08-05,Max_Return,-0.0019048077343009062
2025-08-06,Max_Return,-0.006432933852265843
2025-08-07,Max_Return,-0.003046456823768251
2025-08-08,Max_Return,-0.003589874568495799
2025-08-11,Max_Return,-0.004265300498198732
2025-08-12,Max_Return,-0.004078908233575151
2025-08-14,Max_Return,-0.004060997322712145
2025-08-15,Max_Return,-0.004403772892961677
2025-08-18,Max_Return,-0.004661787910867132
2025-08-19,Max_Return,-0.005509638355673974
2025-08-20,Max_Return,-0.007996185166157854
2025-08-21,Max_Return,-0.009971483755646493
2025-08-22,Max_Return,-0.009654146871709068
2025-08-25,Max_Return,-0.009120054556406965
2025-08-26,Max_Return,-0.006327599632121261
2025-08-27,Max_Return,-0.005242061002718623
2025-08-28,Max_Return,-0.0059337476358971575
2025-08-29,Max_Return,-0.0056592996665005835
2025-09-01,Max_Return,-0.005064343061609966
2025-09-02,Max_Return,-0.00735986475143402
2025-09-03,Max_Return,-0.006466033289358464
2025-09-05,Max_Return,-0.005931615342043339
2025-09-08,Max_Return,-0.007261547258946011
2025-09-09,Max_Return,-0.006348387023428326
2025-09-10,Max_Return,-0.005915686335125958
2025-09-11,Max_Return,-0.0037596117205016544
2025-09-12,Max_Return,-0.0030073939706902753
2025-09-15,Max_Return,-0.00042125340998011573
2025-09-16,Max_Return,0.0
2025-09-17,Max_Return,0.0
2025-09-18,Max_Return,0.0
2025-09-19,Max_Return,-0.00023711275457549696
2025-09-22,Max_Return,-0.0006891195754754609
2025-09-23,Max_Return,-0.0008108833028205309
2025-09-24,Max_Return,-0.0006897400279615162
2025-09-25,Max_Return,-0.0013770610393103455
2025-09-26,Max_Return,-0.00039265843744806794
2025-09-29,Max_Return,0.0
2025-09-30,Max_Return,0.0
2025-10-01,Max_Return,0.0
2025-10-02,Max_Return,-0.0010534118803063874
2025-10-03,Max_Return,-0.0031532528192317333
2025-10-06,Max_Return,-0.000974129334684326
2025-10-07,Max_Return,-0.001390722281930934
2025-10-08,Max_Return,-0.0005651499410943561
2025-10-09,Max_Return,0.0
2025-10-10,Max_Return,0.0
2025-10-13,Max_Return,-8.661513072361071e-05
2025-10-14,Max_Return,-0.002106108919230021
2025-10-16,Max_Return,-0.0012385449954332994
2025-10-17,Max_Return,0.0
2025-10-20,Max_Return,-0.00030223532136064435
2025-10-21,Max_Return,0.0
2025-10-22,Max_Return,0.0
2025-10-23,Max_Return,0.0
2025-10-24,Max_Return,-0.0010111108387172996
2025-10-27,Max_Return,0.0
2025-10-28,Max_Return,0.0
2025-10-29,Max_Return,0.0
2025-10-30,Max_Return,0.0
2025-10-31,Max_Return,0.0
2025-11-03,Max_Return,0.0
2025-11-04,Max_Return,-0.0008938328278464969
2025-11-05,Max_Return,-0.00028894863019834904
2025-11-06,Max_Return,0.0
2025-11-07,Max_Return,0.0
2025-11-10,Max_Return,0.0
2025-11-11,Max_Return,0.0
2025-11-12,Max_Return,0.0
2025-11-13,Max_Return,0.0
2025-11-14,Max_Return,0.0
2025-11-17,Max_Return,0.0
2025-11-18,Max_Return,0.0
2025-11-19,Max_Return,0.0
2025-11-20,Max_Return,0.0
2025-11-21,Max_Return,0.0
2025-11-24,Max_Return,0.0
2025-11-25,Max_Return,-0.00037357474625476783
2025-11-26,Max_Return,-0.002893715791885021
2025-11-27,Max_Return,-0.0035203671097817635
2025-11-28,Max_Return,-0.002577688376301679
2025-12-01,Max_Return,-0.0024880666423242603
2025-12-02,Max_Return,-0.0018761091092271975
2025-12-03,Max_Return,-0.00182144642079074
2025-12-04,Max_Return,-0.0002527457611357642
2025-12-05,Max_Return,0.0
2025-12-08,Max_Return,-0.0016552378232561615
2025-12-09,Max_Return,-0.0021475590002536515
2025-12-10,Max_Return,-0.0033798689002840776
2025-12-11,Max_Return,-0.0027421172382625647
2025-12-12,Max_Return,-0.001755861891454491
2025-12-15,Max_Return,-0.0006131333867204214
2025-12-16,Max_Return,-0.00033130413213644516
2025-12-18,Max_Return,0.0
2025-12-19,Max_Return,0.0
2025-12-22,Max_Return,-0.00019297893994174586
2025-12-23,Max_Return,0.0
2025-12-24,Max_Return,-0.0012092494098059348
2025-12-25,Max_Return,-0.0003876089696506213
2025-12-26,Max_Return,-0.0007066874750071284
2025-12-29,Max_Return,-0.0020085783626153653
2025-12-30,Max_Return,-0.00033074294440316176
2025-12-31,Max_Return,0.0
2025-01-03,Mean_CVaR_95,0.0
2025-01-06,Mean_CVaR_95,0.0
2025-01-07,Mean_CVaR_95,0.0
2025-01-08,Mean_CVaR_95,-1.4665480365216865e-05
2025-01-09,Mean_CVaR_95,0.0
2025-01-10,Mean_CVaR_95,0.0
2025-01-13,Mean_CVaR_95,0.0
2025-01-14,Mean_CVaR_95,0.0
2025-01-15,Mean_CVaR_95,0.0
2025-01-16,Mean_CVaR_95,0.0
2025-01-17,Mean_CVaR_95,0.0
2025-01-20,Mean_CVaR_95,0.0
2025-01-21,Mean_CVaR_95,-0.00021353171342275434
2025-01-22,Mean_CVaR_95,0.0
2025-01-23,Mean_CVaR_95,0.0
2025-01-24,Mean_CVaR_95,0.0
2025-01-27,Mean_CVaR_95,0.0
2025-01-28,Mean_CVaR_95,0.0
2025-01-29,Mean_CVaR_95,0.0
2025-01-30,Mean_CVaR_95,-6.213046166025915e-05
2025-01-31,Mean_CVaR_95,0.0
2025-02-03,Mean_CVaR_95,-8.15075606530602e-05
2025-02-04,Mean_CVaR_95,0.0
2025-02-05,Mean_CVaR_95,0.0
2025-02-06,Mean_CVaR_95,0.0
2025-02-07,Mean_CVaR_95,0.0
2025-02-10,Mean_CVaR_95,0.0
2025-02-11,Mean_CVaR_95,0.0
2025-02-12,Mean_CVaR_95,0.0
2025-02-13,Mean_CVaR_95,0.0
2025-02-14,Mean_CVaR_95,0.0
2025-02-17,Mean_CVaR_95,0.0
2025-02-18,Mean_CVaR_95,0.0
2025-02-19,Mean_CVaR_95,0.0
2025-02-20,Mean_CVaR_95,0.0
2025-02-21,Mean_CVaR_95,0.0
2025-02-24,Mean_CVaR_95,0.0
2025-02-25,Mean_CVaR_95,0.0
2025-02-26,Mean_CVaR_95,0.0
2025-02-27,Mean_CVaR_95,0.0
2025-02-28,Mean_CVaR_95,0.0
2025-03-03,Mean_CVaR_95,0.0
2025-03-04,Mean_CVaR_95,0.0
2025-03-05,Mean_CVaR_95,0.0
2025-03-06,Mean_CVaR_95,0.0
2025-03-07,Mean_CVaR_95,-0.0007772005577124652
2025-03-10,Mean_CVaR_95,0.0
2025-03-11,Mean_CVaR_95,-7.662588966661499e-05
2025-03-12,Mean_CVaR_95,0.0
2025-03-13,Mean_CVaR_95,0.0
2025-03-14,Mean_CVaR_95,0.0
2025-03-17,Mean_CVaR_95,0.0
2025-03-18,Mean_CVaR_95,0.0
2025-03-19,Mean_CVaR_95,0.0
2025-03-21,Mean_CVaR_95,0.0
2025-03-24,Mean_CVaR_95,0.0
2025-03-25,Mean_CVaR_95,0.0
2025-03-26,Mean_CVaR_95,0.0
2025-03-27,Mean_CVaR_95,0.0
2025-03-28,Mean_CVaR_95,0.0
2025-04-02,Mean_CVaR_95,0.0
2025-04-03,Mean_CVaR_95,0.0
2025-04-04,Mean_CVaR_95,0.0
2025-04-07,Mean_CVaR_95,0.0
2025-04-08,Mean_CVaR_95,0.0
2025-04-10,Mean_CVaR_95,0.0
2025-04-11,Mean_CVaR_95,0.0
2025-04-14,Mean_CVaR_95,-0.00016694168227149309
2025-04-15,Mean_CVaR_95,0.0
2025-04-16,Mean_CVaR_95,0.0
2025-04-17,Mean_CVaR_95,0.0
2025-04-18,Mean_CVaR_95,0.0
2025-04-21,Mean_CVaR_95,0.0
2025-04-22,Mean_CVaR_95,0.0
2025-04-23,Mean_CVaR_95,0.0
2025-04-24,Mean_CVaR_95,0.0
2025-04-25,Mean_CVaR_95,0.0
2025-04-28,Mean_CVaR_95,0.0
2025-04-29,Mean_CVaR_95,0.0
2025-04-30,Mean_CVaR_95,0.0
2025-05-02,Mean_CVaR_95,0.0
2025-05-05,Mean_CVaR_95,0.0
2025-05-06,Mean_CVaR_95,0.0
2025-05-07,Mean_CVaR_95,0.0
2025-05-08,Mean_CVaR_95,0.0
2025-05-09,Mean_CVaR_95,0.0
2025-05-12,Mean_CVaR_95,0.0
2025-05-13,Mean_CVaR_95,0.0
2025-05-14,Mean_CVaR_95,0.0
2025-05-15,Mean_CVaR_95,0.0
2025-05-16,Mean_CVaR_95,0.0
2025-05-19,Mean_CVaR_95,0.0
2025-05-20,Mean_CVaR_95,-0.0016459498196537137
2025-05-21,Mean_CVaR_95,-0.0007725786183929717
2025-05-22,Mean_CVaR_95,-0.0007502110682860996
2025-05-26,Mean_CVaR_95,0.0
2025-05-27,Mean_CVaR_95,-0.00021353285446235049
2025-05-28,Mean_CVaR_95,0.0
2025-05-29,Mean_CVaR_95,0.0
2025-05-30,Mean_CVaR_95,0.0
2025-06-02,Mean_CVaR_95,0.0
2025-06-03,Mean_CVaR_95,-0.0008094213505744907
2025-06-04,Mean_CVaR_95,0.0
2025-06-05,Mean_CVaR_95,0.0
2025-06-09,Mean_CVaR_95,0.0
2025-06-10,Mean_CVaR_95,-0.00029698117048349015
2025-06-11,Mean_CVaR_95,0.0
2025-06-12,Mean_CVaR_95,0.0
2025-06-13,Mean_CVaR_95,-0.0006150237579086726
2025-06-16,Mean_CVaR_95,-0.0008885048077444946
2025-06-17,Mean_CVaR_95,-0.0010550746604649497
2025-06-18,Mean_CVaR_95,-0.00040954544845928087
2025-06-19,Mean_CVaR_95,0.0
2025-06-20,Mean_CVaR_95,0.0
2025-06-23,Mean_CVaR_95,0.0
2025-06-24,Mean_CVaR_95,0.0
2025-06-25,Mean_CVaR_95,0.0
2025-06-27,Mean_CVaR_95,0.0
2025-06-30,Mean_CVaR_95,0.0
2025-07-01,Mean_CVaR_95,0.0
2025-07-02,Mean_CVaR_95,0.0
2025-07-03,Mean_CVaR_95,0.0
2025-07-04,Mean_CVaR_95,-3.194281161766899e-05
2025-07-07,Mean_CVaR_95,0.0
2025-07-08,Mean_CVaR_95,-0.00018444258828098636
2025-07-09,Mean_CVaR_95,0.0
2025-07-10,Mean_CVaR_95,-0.00010735806269412951
2025-07-11,Mean_CVaR_95,-0.00032086791686536387
2025-07-14,Mean_CVaR_95,0.0
2025-07-15,Mean_CVaR_95,-0.0003004442587781764
2025-07-16,Mean_CVaR_95,0.0
2025-07-17,Mean_CVaR_95,-0.00013709695145791567
2025-07-18,Mean_CVaR_95,0.0
2025-07-21,Mean_CVaR_95,0.0
2025-07-22,Mean_CVaR_95,0.0
2025-07-23,Mean_CVaR_95,0.0
2025-07-24,Mean_CVaR_95,0.0
2025-07-28,Mean_CVaR_95,-0.00014703299358498345
2025-07-29,Mean_CVaR_95,0.0
2025-07-30,Mean_CVaR_95,0.0
2025-07-31,Mean_CVaR_95,0.0
2025-08-01,Mean_CVaR_95,0.0
2025-08-04,Mean_CVaR_95,0.0
2025-08-05,Mean_CVaR_95,0.0
2025-08-06,Mean_CVaR_95,-0.00024688805344008635
2025-08-07,Mean_CVaR_95,0.0
2025-08-08,Mean_CVaR_95,-7.580483705127428e-05
2025-08-11,Mean_CVaR_95,0.0
2025-08-12,Mean_CVaR_95,0.0
2025-08-14,Mean_CVaR_95,0.0
2025-08-15,Mean_CVaR_95,0.0
2025-08-18,Mean_CVaR_95,0.0
2025-08-19,Mean_CVaR_95,0.0
2025-08-20,Mean_CVaR_95,0.0
2025-08-21,Mean_CVaR_95,-5.646522376911989e-05
2025-08-22,Mean_CVaR_95,0.0
2025-08-25,Mean_CVaR_95,0.0
2025-08-26,Mean_CVaR_95,0.0
2025-08-27,Mean_CVaR_95,0.0
2025-08-28,Mean_CVaR_95,-7.411171381443982e-05
2025-08-29,Mean_CVaR_95,0.0
2025-09-01,Mean_CVaR_95,0.0
2025-09-02,Mean_CVaR_95,0.0
2025-09-03,Mean_CVaR_95,0.0
2025-09-05,Mean_CVaR_95,0.0
2025-09-08,Mean_CVaR_95,0.0
2025-09-09,Mean_CVaR_95,0.0
2025-09-10,Mean_CVaR_95,0.0
2025-09-11,Mean_CVaR_95,0.0
2025-09-12,Mean_CVaR_95,0.0
2025-09-15,Mean_CVaR_95,0.0
2025-09-16,Mean_CVaR_95,0.0
2025-09-17,Mean_CVaR_95,0.0
2025-09-18,Mean_CVaR_95,0.0
2025-09-19,Mean_CVaR_95,-3.1909067162883e-05
2025-09-22,Mean_CVaR_95,0.0
2025-09-23,Mean_CVaR_95,0.0
2025-09-24,Mean_CVaR_95,0.0
2025-09-25,Mean_CVaR_95,-0.00016181982346141766
2025-09-26,Mean_CVaR_95,-0.00011518327346382584
2025-09-29,Mean_CVaR_95,0.0
2025-09-30,Mean_CVaR_95,0.0
2025-10-01,Mean_CVaR_95,0.0
2025-10-02,Mean_CVaR_95,-0.0004044326591043923
2025-10-03,Mean_CVaR_95,-0.0007257219611498389
2025-10-06,Mean_CVaR_95,0.0
2025-10-07,Mean_CVaR_95,-0.00017031730525585154
2025-10-08,Mean_CVaR_95,0.0
2025-10-09,Mean_CVaR_95,0.0
2025-10-10,Mean_CVaR_95,0.0
2025-10-13,Mean_CVaR_95,0.0
2025-10-14,Mean_CVaR_95,-0.00041700076781137074
2025-10-16,Mean_CVaR_95,0.0
2025-10-17,Mean_CVaR_95,0.0
2025-10-20,Mean_CVaR_95,0.0
2025-10-21,Mean_CVaR_95,0.0
2025-10-22,Mean_CVaR_95,0.0
2025-10-23,Mean_CVaR_95,0.0
2025-10-24,Mean_CVaR_95,0.0
2025-10-27,Mean_CVaR_95,0.0
2025-10-28,Mean_CVaR_95,0.0
2025-10-29,Mean_CVaR_95,0.0
2025-10-30,Mean_CVaR_95,0.0
2025-10-31,Mean_CVaR_95,0.0
2025-11-03,Mean_CVaR_95,0.0
2025-11-04,Mean_CVaR_95,0.0
2025-11-05,Mean_CVaR_95,0.0
2025-11-06,Mean_CVaR_95,0.0
2025-11-07,Mean_CVaR_95,-0.00013448486605849297
2025-11-10,Mean_CVaR_95,0.0
2025-11-11,Mean_CVaR_95,0.0
2025-11-12,Mean_CVaR_95,0.0
2025-11-13,Mean_CVaR_95,0.0
2025-11-14,Mean_CVaR_95,-2.0091763117457972e-05
2025-11-17,Mean_CVaR_95,0.0
2025-11-18,Mean_CVaR_95,0.0
2025-11-19,Mean_CVaR_95,0.0
2025-11-20,Mean_CVaR_95,0.0
2025-11-21,Mean_CVaR_95,0.0
2025-11-24,Mean_CVaR_95,0.0
2025-11-25,Mean_CVaR_95,0.0
2025-11-26,Mean_CVaR_95,-0.00021353295962645014
2025-11-27,Mean_CVaR_95,-1.5709206191538705e-05
2025-11-28,Mean_CVaR_95,0.0
2025-12-01,Mean_CVaR_95,0.0
2025-12-02,Mean_CVaR_95,0.0
2025-12-03,Mean_CVaR_95,0.0
2025-12-04,Mean_CVaR_95,0.0
2025-12-05,Mean_CVaR_95,0.0
2025-12-08,Mean_CVaR_95,0.0
2025-12-09,Mean_CVaR_95,0.0
2025-12-10,Mean_CVaR_95,0.0
2025-12-11,Mean_CVaR_95,0.0
2025-12-12,Mean_CVaR_95,0.0
2025-12-15,Mean_CVaR_95,0.0
2025-12-16,Mean_CVaR_95,0.0
2025-12-18,Mean_CVaR_95,0.0
2025-12-19,Mean_CVaR_95,0.0
2025-12-22,Mean_CVaR_95,0.0
2025-12-23,Mean_CVaR_95,0.0
2025-12-24,Mean_CVaR_95,0.0
2025-12-25,Mean_CVaR_95,0.0
2025-12-26,Mean_CVaR_95,0.0
2025-12-29,Mean_CVaR_95,0.0
2025-12-30,Mean_CVaR_95,0.0
2025-12-31,Mean_CVaR_95,0.0
2025-01-03,Risk_Parity,0.0
2025-01-06,Risk_Parity,0.0
2025-01-07,Risk_Parity,-0.00025755040879460456
2025-01-08,Risk_Parity,-0.00014089495559865828
2025-01-09,Risk_Parity,0.0
2025-01-10,Risk_Parity,0.0
2025-01-13,Risk_Parity,0.0
2025-01-14,Risk_Parity,0.0
2025-01-15,Risk_Parity,0.0
2025-01-16,Risk_Parity,0.0
2025-01-17,Risk_Parity,0.0
2025-01-20,Risk_Parity,0.0
2025-01-21,Risk_Parity,0.0
2025-01-22,Risk_Parity,0.0
2025-01-23,Risk_Parity,0.0
2025-01-24,Risk_Parity,0.0
2025-01-27,Risk_Parity,0.0
2025-01-28,Risk_Parity,-2.8591773172381707e-06
2025-01-29,Risk_Parity,0.0
2025-01-30,Risk_Parity,-0.0004032606658626037
2025-01-31,Risk_Parity,-0.00020306993414009877
2025-02-03,Risk_Parity,0.0
2025-02-04,Risk_Parity,0.0
2025-02-05,Risk_Parity,0.0
2025-02-06,Risk_Parity,0.0
2025-02-07,Risk_Parity,0.0
2025-02-10,Risk_Parity,0.0
2025-02-11,Risk_Parity,0.0
2025-02-12,Risk_Parity,0.0
2025-02-13,Risk_Parity,0.0
2025-02-14,Risk_Parity,0.0
2025-02-17,Risk_Parity,0.0
2025-02-18,Risk_Parity,0.0
2025-02-19,Risk_Parity,0.0
2025-02-20,Risk_Parity,0.0
2025-02-21,Risk_Parity,0.0
2025-02-24,Risk_Parity,0.0
2025-02-25,Risk_Parity,0.0
2025-02-26,Risk_Parity,0.0
2025-02-27,Risk_Parity,0.0
2025-02-28,Risk_Parity,-0.0006202490317760434
2025-03-03,Risk_Parity,0.0
2025-03-04,Risk_Parity,0.0
2025-03-05,Risk_Parity,0.0
2025-03-06,Risk_Parity,0.0
2025-03-07,Risk_Parity,-0.0008526224476103073
2025-03-10,Risk_Parity,0.0
2025-03-11,Risk_Parity,-0.0005830057404206945
2025-03-12,Risk_Parity,0.0
2025-03-13,Risk_Parity,0.0
2025-03-14,Risk_Parity,0.0
2025-03-17,Risk_Parity,0.0
2025-03-18,Risk_Parity,0.0
2025-03-19,Risk_Parity,0.0
2025-03-21,Risk_Parity,0.0
2025-03-24,Risk_Parity,0.0
2025-03-25,Risk_Parity,0.0
2025-03-26,Risk_Parity,0.0
2025-03-27,Risk_Parity,-0.0002366735976409018
2025-03-28,Risk_Parity,0.0
2025-04-02,Risk_Parity,0.0
2025-04-03,Risk_Parity,0.0
2025-04-04,Risk_Parity,0.0
2025-04-07,Risk_Parity,-1.5097746544734392e-05
2025-04-08,Risk_Parity,0.0
2025-04-10,Risk_Parity,0.0
2025-04-11,Risk_Parity,0.0
2025-04-14,Risk_Parity,0.0
2025-04-15,Risk_Parity,0.0
2025-04-16,Risk_Parity,0.0
2025-04-17,Risk_Parity,0.0
2025-04-18,Risk_Parity,0.0
2025-04-21,Risk_Parity,0.0
2025-04-22,Risk_Parity,0.0
2025-04-23,Risk_Parity,0.0
2025-04-24,Risk_Parity,0.0
2025-04-25,Risk_Parity,0.0
2025-04-28,Risk_Parity,0.0
2025-04-29,Risk_Parity,0.0
2025-04-30,Risk_Parity,0.0
2025-05-02,Risk_Parity,0.0
2025-05-05,Risk_Parity,0.0
2025-05-06,Risk_Parity,0.0
2025-05-07,Risk_Parity,-0.00018790109130217836
2025-05-08,Risk_Parity,0.0
2025-05-09,Risk_Parity,-0.0002982475587930411
2025-05-12,Risk_Parity,0.0
2025-05-13,Risk_Parity,0.0
2025-05-14,Risk_Parity,0.0
2025-05-15,Risk_Parity,-0.00020182522402778513
2025-05-16,Risk_Parity,0.0
2025-05-19,Risk_Parity,0.0
2025-05-20,Risk_Parity,-0.0017194854875419718
2025-05-21,Risk_Parity,-0.0007060557033866655
2025-05-22,Risk_Parity,-0.0006700359267615141
2025-05-26,Risk_Parity,0.0
2025-05-27,Risk_Parity,-0.00022558968620023379
2025-05-28,Risk_Parity,0.0
2025-05-29,Risk_Parity,-0.0004337976523342002
2025-05-30,Risk_Parity,0.0
2025-06-02,Risk_Parity,0.0
2025-06-03,Risk_Parity,-0.0019375021173237972
2025-06-04,Risk_Parity,-0.0007208327812490145
2025-06-05,Risk_Parity,-0.000979874783478829
2025-06-09,Risk_Parity,-0.0007115531051511415
2025-06-10,Risk_Parity,-0.0006418668884923262
2025-06-11,Risk_Parity,-0.00017825360371814813
2025-06-12,Risk_Parity,-1.5505114038250056e-05
2025-06-13,Risk_Parity,-0.0009659147552399938
2025-06-16,Risk_Parity,-0.0012172846906201018
2025-06-17,Risk_Parity,-0.001400382479954665
2025-06-18,Risk_Parity,-0.0009098854435246606
2025-06-19,Risk_Parity,-4.0903430587269085e-05
2025-06-20,Risk_Parity,-0.00017113528044987447
2025-06-23,Risk_Parity,0.0
2025-06-24,Risk_Parity,0.0
2025-06-25,Risk_Parity,0.0
2025-06-27,Risk_Parity,0.0
2025-06-30,Risk_Parity,0.0
2025-07-01,Risk_Parity,0.0
2025-07-02,Risk_Parity,0.0
2025-07-03,Risk_Parity,0.0
2025-07-04,Risk_Parity,0.0
2025-07-07,Risk_Parity,0.0
2025-07-08,Risk_Parity,0.0
2025-07-09,Risk_Parity,0.0
2025-07-10,Risk_Parity,0.0
2025-07-11,Risk_Parity,0.0
2025-07-14,Risk_Parity,0.0
2025-07-15,Risk_Parity,0.0
2025-07-16,Risk_Parity,0.0
2025-07-17,Risk_Parity,0.0
2025-07-18,Risk_Parity,0.0
2025-07-21,Risk_Parity,0.0
2025-07-22,Risk_Parity,0.0
2025-07-23,Risk_Parity,0.0
2025-07-24,Risk_Parity,0.0
2025-07-28,Risk_Parity,0.0
2025-07-29,Risk_Parity,0.0
2025-07-30,Risk_Parity,0.0
2025-07-31,Risk_Parity,0.0
2025-08-01,Risk_Parity,0.0
2025-08-04,Risk_Parity,0.0
2025-08-05,Risk_Parity,0.0
2025-08-06,Risk_Parity,-0.0006545078938960947
2025-08-07,Risk_Parity,0.0
2025-08-08,Risk_Parity,-3.333501979119191e-05
2025-08-11,Risk_Parity,0.0
2025-08-12,Risk_Parity,0.0
2025-08-14,Risk_Parity,0.0
2025-08-15,Risk_Parity,0.0
2025-08-18,Risk_Parity,0.0
2025-08-19,Risk_Parity,0.0
2025-08-20,Risk_Parity,0.0
2025-08-21,Risk_Parity,0.0
2025-08-22,Risk_Parity,0.0
2025-08-25,Risk_Parity,0.0
2025-08-26,Risk_Parity,0.0
2025-08-27,Risk_Parity,0.0
2025-08-28,Risk_Parity,0.0
2025-08-29,Risk_Parity,0.0
2025-09-01,Risk_Parity,0.0
2025-09-02,Risk_Parity,-0.00020900396052769832
2025-09-03,Risk_Parity,0.0
2025-09-05,Risk_Parity,0.0
2025-09-08,Risk_Parity,0.0
2025-09-09,Risk_Parity,0.0
2025-09-10,Risk_Parity,0.0
2025-09-11,Risk_Parity,0.0
2025-09-12,Risk_Parity,0.0
2025-09-15,Risk_Parity,0.0
2025-09-16,Risk_Parity,0.0
2025-09-17,Risk_Parity,0.0
2025-09-18,Risk_Parity,0.0
2025-09-19,Risk_Parity,-0.0004911607912191363
2025-09-22,Risk_Parity,0.0
2025-09-23,Risk_Parity,-4.902800489259285e-06
2025-09-24,Risk_Parity,0.0
2025-09-25,Risk_Parity,-0.0004022235629022042
2025-09-26,Risk_Parity,-0.0008365585079996851
2025-09-29,Risk_Parity,-0.0006114471950300349
2025-09-30,Risk_Parity,-0.0009372698646050726
2025-10-01,Risk_Parity,-0.0004955675021413031
2025-10-02,Risk_Parity,-0.0006460976948904351
2025-10-03,Risk_Parity,-0.0008016565481899773
2025-10-06,Risk_Parity,0.0
2025-10-07,Risk_Parity,-0.00017423127499804902
2025-10-08,Risk_Parity,-0.00010098654771817372
2025-10-09,Risk_Parity,0.0
2025-10-10,Risk_Parity,0.0
2025-10-13,Risk_Parity,0.0
2025-10-14,Risk_Parity,0.0
2025-10-16,Risk_Parity,0.0
2025-10-17,Risk_Parity,0.0
2025-10-20,Risk_Parity,0.0
2025-10-21,Risk_Parity,0.0
2025-10-22,Risk_Parity,0.0
2025-10-23,Risk_Parity,0.0
2025-10-24,Risk_Parity,0.0
2025-10-27,Risk_Parity,0.0
2025-10-28,Risk_Parity,0.0
2025-10-29,Risk_Parity,0.0
2025-10-30,Risk_Parity,0.0
2025-10-31,Risk_Parity,0.0
2025-11-03,Risk_Parity,0.0
2025-11-04,Risk_Parity,0.0
2025-11-05,Risk_Parity,0.0
2025-11-06,Risk_Parity,0.0
2025-11-07,Risk_Parity,0.0
2025-11-10,Risk_Parity,0.0
2025-11-11,Risk_Parity,0.0
2025-11-12,Risk_Parity,0.0
2025-11-13,Risk_Parity,0.0
2025-11-14,Risk_Parity,-0.0008324055734517666
2025-11-17,Risk_Parity,0.0
2025-11-18,Risk_Parity,0.0
2025-11-19,Risk_Parity,0.0
2025-11-20,Risk_Parity,0.0
2025-11-21,Risk_Parity,0.0
2025-11-24,Risk_Parity,-8.100383310072345e-05
2025-11-25,Risk_Parity,-0.00020786490906488098
2025-11-26,Risk_Parity,-0.00016459435112614607
2025-11-27,Risk_Parity,-0.00016525408699807898
2025-11-28,Risk_Parity,0.0
2025-12-01,Risk_Parity,0.0
2025-12-02,Risk_Parity,0.0
2025-12-03,Risk_Parity,-7.188335883201447e-07
2025-12-04,Risk_Parity,0.0
2025-12-05,Risk_Parity,0.0
2025-12-08,Risk_Parity,0.0
2025-12-09,Risk_Parity,0.0
2025-12-10,Risk_Parity,0.0
2025-12-11,Risk_Parity,0.0
2025-12-12,Risk_Parity,0.0
2025-12-15,Risk_Parity,0.0
2025-12-16,Risk_Parity,0.0
2025-12-18,Risk_Parity,0.0
2025-12-19,Risk_Parity,0.0
2025-12-22,Risk_Parity,0.0
2025-12-23,Risk_Parity,0.0
2025-12-24,Risk_Parity,0.0
2025-12-25,Risk_Parity,0.0
2025-12-26,Risk_Parity,0.0
2025-12-29,Risk_Parity,0.0
2025-12-30,Risk_Parity,0.0
2025-12-31,Risk_Parity,0.0
2025-01-03,MultiCriteria_Recommended_Portfolio,0.0
2025-01-06,MultiCriteria_Recommended_Portfolio,0.0
2025-01-07,MultiCriteria_Recommended_Portfolio,0.0
2025-01-08,MultiCriteria_Recommended_Portfolio,-1.4665480365216865e-05
2025-01-09,MultiCriteria_Recommended_Portfolio,0.0
2025-01-10,MultiCriteria_Recommended_Portfolio,0.0
2025-01-13,MultiCriteria_Recommended_Portfolio,0.0
2025-01-14,MultiCriteria_Recommended_Portfolio,0.0
2025-01-15,MultiCriteria_Recommended_Portfolio,0.0
2025-01-16,MultiCriteria_Recommended_Portfolio,0.0
2025-01-17,MultiCriteria_Recommended_Portfolio,0.0
2025-01-20,MultiCriteria_Recommended_Portfolio,0.0
2025-01-21,MultiCriteria_Recommended_Portfolio,-0.00021353171342275434
2025-01-22,MultiCriteria_Recommended_Portfolio,0.0
2025-01-23,MultiCriteria_Recommended_Portfolio,0.0
2025-01-24,MultiCriteria_Recommended_Portfolio,0.0
2025-01-27,MultiCriteria_Recommended_Portfolio,0.0
2025-01-28,MultiCriteria_Recommended_Portfolio,0.0
2025-01-29,MultiCriteria_Recommended_Portfolio,0.0
2025-01-30,MultiCriteria_Recommended_Portfolio,-6.213046166025915e-05
2025-01-31,MultiCriteria_Recommended_Portfolio,0.0
2025-02-03,MultiCriteria_Recommended_Portfolio,-8.15075606530602e-05
2025-02-04,MultiCriteria_Recommended_Portfolio,0.0
2025-02-05,MultiCriteria_Recommended_Portfolio,0.0
2025-02-06,MultiCriteria_Recommended_Portfolio,0.0
2025-02-07,MultiCriteria_Recommended_Portfolio,0.0
2025-02-10,MultiCriteria_Recommended_Portfolio,0.0
2025-02-11,MultiCriteria_Recommended_Portfolio,0.0
2025-02-12,MultiCriteria_Recommended_Portfolio,0.0
2025-02-13,MultiCriteria_Recommended_Portfolio,0.0
2025-02-14,MultiCriteria_Recommended_Portfolio,0.0
2025-02-17,MultiCriteria_Recommended_Portfolio,0.0
2025-02-18,MultiCriteria_Recommended_Portfolio,0.0
2025-02-19,MultiCriteria_Recommended_Portfolio,0.0
2025-02-20,MultiCriteria_Recommended_Portfolio,0.0
2025-02-21,MultiCriteria_Recommended_Portfolio,0.0
2025-02-24,MultiCriteria_Recommended_Portfolio,0.0
2025-02-25,MultiCriteria_Recommended_Portfolio,0.0
2025-02-26,MultiCriteria_Recommended_Portfolio,0.0
2025-02-27,MultiCriteria_Recommended_Portfolio,0.0
2025-02-28,MultiCriteria_Recommended_Portfolio,0.0
2025-03-03,MultiCriteria_Recommended_Portfolio,0.0
2025-03-04,MultiCriteria_Recommended_Portfolio,0.0
2025-03-05,MultiCriteria_Recommended_Portfolio,0.0
2025-03-06,MultiCriteria_Recommended_Portfolio,0.0
2025-03-07,MultiCriteria_Recommended_Portfolio,-0.0007772005577124652
2025-03-10,MultiCriteria_Recommended_Portfolio,0.0
2025-03-11,MultiCriteria_Recommended_Portfolio,-7.662588966661499e-05
2025-03-12,MultiCriteria_Recommended_Portfolio,0.0
2025-03-13,MultiCriteria_Recommended_Portfolio,0.0
2025-03-14,MultiCriteria_Recommended_Portfolio,0.0
2025-03-17,MultiCriteria_Recommended_Portfolio,0.0
2025-03-18,MultiCriteria_Recommended_Portfolio,0.0
2025-03-19,MultiCriteria_Recommended_Portfolio,0.0
2025-03-21,MultiCriteria_Recommended_Portfolio,0.0
2025-03-24,MultiCriteria_Recommended_Portfolio,0.0
2025-03-25,MultiCriteria_Recommended_Portfolio,0.0
2025-03-26,MultiCriteria_Recommended_Portfolio,0.0
2025-03-27,MultiCriteria_Recommended_Portfolio,0.0
2025-03-28,MultiCriteria_Recommended_Portfolio,0.0
2025-04-02,MultiCriteria_Recommended_Portfolio,0.0
2025-04-03,MultiCriteria_Recommended_Portfolio,0.0
2025-04-04,MultiCriteria_Recommended_Portfolio,0.0
2025-04-07,MultiCriteria_Recommended_Portfolio,0.0
2025-04-08,MultiCriteria_Recommended_Portfolio,0.0
2025-04-10,MultiCriteria_Recommended_Portfolio,0.0
2025-04-11,MultiCriteria_Recommended_Portfolio,0.0
2025-04-14,MultiCriteria_Recommended_Portfolio,-0.00016694168227149309
2025-04-15,MultiCriteria_Recommended_Portfolio,0.0
2025-04-16,MultiCriteria_Recommended_Portfolio,0.0
2025-04-17,MultiCriteria_Recommended_Portfolio,0.0
2025-04-18,MultiCriteria_Recommended_Portfolio,0.0
2025-04-21,MultiCriteria_Recommended_Portfolio,0.0
2025-04-22,MultiCriteria_Recommended_Portfolio,0.0
2025-04-23,MultiCriteria_Recommended_Portfolio,0.0
2025-04-24,MultiCriteria_Recommended_Portfolio,0.0
2025-04-25,MultiCriteria_Recommended_Portfolio,0.0
2025-04-28,MultiCriteria_Recommended_Portfolio,0.0
2025-04-29,MultiCriteria_Recommended_Portfolio,0.0
2025-04-30,MultiCriteria_Recommended_Portfolio,0.0
2025-05-02,MultiCriteria_Recommended_Portfolio,0.0
2025-05-05,MultiCriteria_Recommended_Portfolio,0.0
2025-05-06,MultiCriteria_Recommended_Portfolio,0.0
2025-05-07,MultiCriteria_Recommended_Portfolio,0.0
2025-05-08,MultiCriteria_Recommended_Portfolio,0.0
2025-05-09,MultiCriteria_Recommended_Portfolio,0.0
2025-05-12,MultiCriteria_Recommended_Portfolio,0.0
2025-05-13,MultiCriteria_Recommended_Portfolio,0.0
2025-05-14,MultiCriteria_Recommended_Portfolio,0.0
2025-05-15,MultiCriteria_Recommended_Portfolio,0.0
2025-05-16,MultiCriteria_Recommended_Portfolio,0.0
2025-05-19,MultiCriteria_Recommended_Portfolio,0.0
2025-05-20,MultiCriteria_Recommended_Portfolio,-0.0016459498196537137
2025-05-21,MultiCriteria_Recommended_Portfolio,-0.0007725786183929717
2025-05-22,MultiCriteria_Recommended_Portfolio,-0.0007502110682860996
2025-05-26,MultiCriteria_Recommended_Portfolio,0.0
2025-05-27,MultiCriteria_Recommended_Portfolio,-0.00021353285446235049
2025-05-28,MultiCriteria_Recommended_Portfolio,0.0
2025-05-29,MultiCriteria_Recommended_Portfolio,0.0
2025-05-30,MultiCriteria_Recommended_Portfolio,0.0
2025-06-02,MultiCriteria_Recommended_Portfolio,0.0
2025-06-03,MultiCriteria_Recommended_Portfolio,-0.0008094213505744907
2025-06-04,MultiCriteria_Recommended_Portfolio,0.0
2025-06-05,MultiCriteria_Recommended_Portfolio,0.0
2025-06-09,MultiCriteria_Recommended_Portfolio,0.0
2025-06-10,MultiCriteria_Recommended_Portfolio,-0.00029698117048349015
2025-06-11,MultiCriteria_Recommended_Portfolio,0.0
2025-06-12,MultiCriteria_Recommended_Portfolio,0.0
2025-06-13,MultiCriteria_Recommended_Portfolio,-0.0006150237579086726
2025-06-16,MultiCriteria_Recommended_Portfolio,-0.0008885048077444946
2025-06-17,MultiCriteria_Recommended_Portfolio,-0.0010550746604649497
2025-06-18,MultiCriteria_Recommended_Portfolio,-0.00040954544845928087
2025-06-19,MultiCriteria_Recommended_Portfolio,0.0
2025-06-20,MultiCriteria_Recommended_Portfolio,0.0
2025-06-23,MultiCriteria_Recommended_Portfolio,0.0
2025-06-24,MultiCriteria_Recommended_Portfolio,0.0
2025-06-25,MultiCriteria_Recommended_Portfolio,0.0
2025-06-27,MultiCriteria_Recommended_Portfolio,0.0
2025-06-30,MultiCriteria_Recommended_Portfolio,0.0
2025-07-01,MultiCriteria_Recommended_Portfolio,0.0
2025-07-02,MultiCriteria_Recommended_Portfolio,0.0
2025-07-03,MultiCriteria_Recommended_Portfolio,0.0
2025-07-04,MultiCriteria_Recommended_Portfolio,-3.194281161766899e-05
2025-07-07,MultiCriteria_Recommended_Portfolio,0.0
2025-07-08,MultiCriteria_Recommended_Portfolio,-0.00018444258828098636
2025-07-09,MultiCriteria_Recommended_Portfolio,0.0
2025-07-10,MultiCriteria_Recommended_Portfolio,-0.00010735806269412951
2025-07-11,MultiCriteria_Recommended_Portfolio,-0.00032086791686536387
2025-07-14,MultiCriteria_Recommended_Portfolio,0.0
2025-07-15,MultiCriteria_Recommended_Portfolio,-0.0003004442587781764
2025-07-16,MultiCriteria_Recommended_Portfolio,0.0
2025-07-17,MultiCriteria_Recommended_Portfolio,-0.00013709695145791567
2025-07-18,MultiCriteria_Recommended_Portfolio,0.0
2025-07-21,MultiCriteria_Recommended_Portfolio,0.0
2025-07-22,MultiCriteria_Recommended_Portfolio,0.0
2025-07-23,MultiCriteria_Recommended_Portfolio,0.0
2025-07-24,MultiCriteria_Recommended_Portfolio,0.0
2025-07-28,MultiCriteria_Recommended_Portfolio,-0.00014703299358498345
2025-07-29,MultiCriteria_Recommended_Portfolio,0.0
2025-07-30,MultiCriteria_Recommended_Portfolio,0.0
2025-07-31,MultiCriteria_Recommended_Portfolio,0.0
2025-08-01,MultiCriteria_Recommended_Portfolio,0.0
2025-08-04,MultiCriteria_Recommended_Portfolio,0.0
2025-08-05,MultiCriteria_Recommended_Portfolio,0.0
2025-08-06,MultiCriteria_Recommended_Portfolio,-0.00024688805344008635
2025-08-07,MultiCriteria_Recommended_Portfolio,0.0
2025-08-08,MultiCriteria_Recommended_Portfolio,-7.580483705127428e-05
2025-08-11,MultiCriteria_Recommended_Portfolio,0.0
2025-08-12,MultiCriteria_Recommended_Portfolio,0.0
2025-08-14,MultiCriteria_Recommended_Portfolio,0.0
2025-08-15,MultiCriteria_Recommended_Portfolio,0.0
2025-08-18,MultiCriteria_Recommended_Portfolio,0.0
2025-08-19,MultiCriteria_Recommended_Portfolio,0.0
2025-08-20,MultiCriteria_Recommended_Portfolio,0.0
2025-08-21,MultiCriteria_Recommended_Portfolio,-5.646522376911989e-05
2025-08-22,MultiCriteria_Recommended_Portfolio,0.0
2025-08-25,MultiCriteria_Recommended_Portfolio,0.0
2025-08-26,MultiCriteria_Recommended_Portfolio,0.0
2025-08-27,MultiCriteria_Recommended_Portfolio,0.0
2025-08-28,MultiCriteria_Recommended_Portfolio,-7.411171381443982e-05
2025-08-29,MultiCriteria_Recommended_Portfolio,0.0
2025-09-01,MultiCriteria_Recommended_Portfolio,0.0
2025-09-02,MultiCriteria_Recommended_Portfolio,0.0
2025-09-03,MultiCriteria_Recommended_Portfolio,0.0
2025-09-05,MultiCriteria_Recommended_Portfolio,0.0
2025-09-08,MultiCriteria_Recommended_Portfolio,0.0
2025-09-09,MultiCriteria_Recommended_Portfolio,0.0
2025-09-10,MultiCriteria_Recommended_Portfolio,0.0
2025-09-11,MultiCriteria_Recommended_Portfolio,0.0
2025-09-12,MultiCriteria_Recommended_Portfolio,0.0
2025-09-15,MultiCriteria_Recommended_Portfolio,0.0
2025-09-16,MultiCriteria_Recommended_Portfolio,0.0
2025-09-17,MultiCriteria_Recommended_Portfolio,0.0
2025-09-18,MultiCriteria_Recommended_Portfolio,0.0
2025-09-19,MultiCriteria_Recommended_Portfolio,-3.1909067162883e-05
2025-09-22,MultiCriteria_Recommended_Portfolio,0.0
2025-09-23,MultiCriteria_Recommended_Portfolio,0.0
2025-09-24,MultiCriteria_Recommended_Portfolio,0.0
2025-09-25,MultiCriteria_Recommended_Portfolio,-0.00016181982346141766
2025-09-26,MultiCriteria_Recommended_Portfolio,-0.00011518327346382584
2025-09-29,MultiCriteria_Recommended_Portfolio,0.0
2025-09-30,MultiCriteria_Recommended_Portfolio,0.0
2025-10-01,MultiCriteria_Recommended_Portfolio,0.0
2025-10-02,MultiCriteria_Recommended_Portfolio,-0.0004044326591043923
2025-10-03,MultiCriteria_Recommended_Portfolio,-0.0007257219611498389
2025-10-06,MultiCriteria_Recommended_Portfolio,0.0
2025-10-07,MultiCriteria_Recommended_Portfolio,-0.00017031730525585154
2025-10-08,MultiCriteria_Recommended_Portfolio,0.0
2025-10-09,MultiCriteria_Recommended_Portfolio,0.0
2025-10-10,MultiCriteria_Recommended_Portfolio,0.0
2025-10-13,MultiCriteria_Recommended_Portfolio,0.0
2025-10-14,MultiCriteria_Recommended_Portfolio,-0.00041700076781137074
2025-10-16,MultiCriteria_Recommended_Portfolio,0.0
2025-10-17,MultiCriteria_Recommended_Portfolio,0.0
2025-10-20,MultiCriteria_Recommended_Portfolio,0.0
2025-10-21,MultiCriteria_Recommended_Portfolio,0.0
2025-10-22,MultiCriteria_Recommended_Portfolio,0.0
2025-10-23,MultiCriteria_Recommended_Portfolio,0.0
2025-10-24,MultiCriteria_Recommended_Portfolio,0.0
2025-10-27,MultiCriteria_Recommended_Portfolio,0.0
2025-10-28,MultiCriteria_Recommended_Portfolio,0.0
2025-10-29,MultiCriteria_Recommended_Portfolio,0.0
2025-10-30,MultiCriteria_Recommended_Portfolio,0.0
2025-10-31,MultiCriteria_Recommended_Portfolio,0.0
2025-11-03,MultiCriteria_Recommended_Portfolio,0.0
2025-11-04,MultiCriteria_Recommended_Portfolio,0.0
2025-11-05,MultiCriteria_Recommended_Portfolio,0.0
2025-11-06,MultiCriteria_Recommended_Portfolio,0.0
2025-11-07,MultiCriteria_Recommended_Portfolio,-0.00013448486605849297
2025-11-10,MultiCriteria_Recommended_Portfolio,0.0
2025-11-11,MultiCriteria_Recommended_Portfolio,0.0
2025-11-12,MultiCriteria_Recommended_Portfolio,0.0
2025-11-13,MultiCriteria_Recommended_Portfolio,0.0
2025-11-14,MultiCriteria_Recommended_Portfolio,-2.0091763117457972e-05
2025-11-17,MultiCriteria_Recommended_Portfolio,0.0
2025-11-18,MultiCriteria_Recommended_Portfolio,0.0
2025-11-19,MultiCriteria_Recommended_Portfolio,0.0
2025-11-20,MultiCriteria_Recommended_Portfolio,0.0
2025-11-21,MultiCriteria_Recommended_Portfolio,0.0
2025-11-24,MultiCriteria_Recommended_Portfolio,0.0
2025-11-25,MultiCriteria_Recommended_Portfolio,0.0
2025-11-26,MultiCriteria_Recommended_Portfolio,-0.00021353295962645014
2025-11-27,MultiCriteria_Recommended_Portfolio,-1.5709206191538705e-05
2025-11-28,MultiCriteria_Recommended_Portfolio,0.0
2025-12-01,MultiCriteria_Recommended_Portfolio,0.0
2025-12-02,MultiCriteria_Recommended_Portfolio,0.0
2025-12-03,MultiCriteria_Recommended_Portfolio,0.0
2025-12-04,MultiCriteria_Recommended_Portfolio,0.0
2025-12-05,MultiCriteria_Recommended_Portfolio,0.0
2025-12-08,MultiCriteria_Recommended_Portfolio,0.0
2025-12-09,MultiCriteria_Recommended_Portfolio,0.0
2025-12-10,MultiCriteria_Recommended_Portfolio,0.0
2025-12-11,MultiCriteria_Recommended_Portfolio,0.0
2025-12-12,MultiCriteria_Recommended_Portfolio,0.0
2025-12-15,MultiCriteria_Recommended_Portfolio,0.0
2025-12-16,MultiCriteria_Recommended_Portfolio,0.0
2025-12-18,MultiCriteria_Recommended_Portfolio,0.0
2025-12-19,MultiCriteria_Recommended_Portfolio,0.0
2025-12-22,MultiCriteria_Recommended_Portfolio,0.0
2025-12-23,MultiCriteria_Recommended_Portfolio,0.0
2025-12-24,MultiCriteria_Recommended_Portfolio,0.0
2025-12-25,MultiCriteria_Recommended_Portfolio,0.0
2025-12-26,MultiCriteria_Recommended_Portfolio,0.0
2025-12-29,MultiCriteria_Recommended_Portfolio,0.0
2025-12-30,MultiCriteria_Recommended_Portfolio,0.0
2025-12-31,MultiCriteria_Recommended_Portfolio,0.0
2025-01-03,Monte_Carlo_Best_Sharpe,0.0
2025-01-06,Monte_Carlo_Best_Sharpe,0.0
2025-01-07,Monte_Carlo_Best_Sharpe,-0.000438109924955854
2025-01-08,Monte_Carlo_Best_Sharpe,-0.0003697480995548119
2025-01-09,Monte_Carlo_Best_Sharpe,0.0
2025-01-10,Monte_Carlo_Best_Sharpe,0.0
2025-01-13,Monte_Carlo_Best_Sharpe,0.0
2025-01-14,Monte_Carlo_Best_Sharpe,0.0
2025-01-15,Monte_Carlo_Best_Sharpe,0.0
2025-01-16,Monte_Carlo_Best_Sharpe,0.0
2025-01-17,Monte_Carlo_Best_Sharpe,0.0
2025-01-20,Monte_Carlo_Best_Sharpe,0.0
2025-01-21,Monte_Carlo_Best_Sharpe,-0.00022591642180036509
2025-01-22,Monte_Carlo_Best_Sharpe,0.0
2025-01-23,Monte_Carlo_Best_Sharpe,0.0
2025-01-24,Monte_Carlo_Best_Sharpe,0.0
2025-01-27,Monte_Carlo_Best_Sharpe,0.0
2025-01-28,Monte_Carlo_Best_Sharpe,0.0
2025-01-29,Monte_Carlo_Best_Sharpe,0.0
2025-01-30,Monte_Carlo_Best_Sharpe,-0.0007549770227590624
2025-01-31,Monte_Carlo_Best_Sharpe,-0.00020410036774110019
2025-02-03,Monte_Carlo_Best_Sharpe,0.0
2025-02-04,Monte_Carlo_Best_Sharpe,0.0
2025-02-05,Monte_Carlo_Best_Sharpe,0.0
2025-02-06,Monte_Carlo_Best_Sharpe,0.0
2025-02-07,Monte_Carlo_Best_Sharpe,0.0
2025-02-10,Monte_Carlo_Best_Sharpe,0.0
2025-02-11,Monte_Carlo_Best_Sharpe,0.0
2025-02-12,Monte_Carlo_Best_Sharpe,0.0
2025-02-13,Monte_Carlo_Best_Sharpe,0.0
2025-02-14,Monte_Carlo_Best_Sharpe,0.0
2025-02-17,Monte_Carlo_Best_Sharpe,0.0
2025-02-18,Monte_Carlo_Best_Sharpe,0.0
2025-02-19,Monte_Carlo_Best_Sharpe,0.0
2025-02-20,Monte_Carlo_Best_Sharpe,0.0
2025-02-21,Monte_Carlo_Best_Sharpe,0.0
2025-02-24,Monte_Carlo_Best_Sharpe,0.0
2025-02-25,Monte_Carlo_Best_Sharpe,0.0
2025-02-26,Monte_Carlo_Best_Sharpe,0.0
2025-02-27,Monte_Carlo_Best_Sharpe,0.0
2025-02-28,Monte_Carlo_Best_Sharpe,-0.0007533065519298443
2025-03-03,Monte_Carlo_Best_Sharpe,0.0
2025-03-04,Monte_Carlo_Best_Sharpe,0.0
2025-03-05,Monte_Carlo_Best_Sharpe,0.0
2025-03-06,Monte_Carlo_Best_Sharpe,0.0
2025-03-07,Monte_Carlo_Best_Sharpe,-0.0009527998830104467
2025-03-10,Monte_Carlo_Best_Sharpe,0.0
2025-03-11,Monte_Carlo_Best_Sharpe,-0.0006889356832993077
2025-03-12,Monte_Carlo_Best_Sharpe,0.0
2025-03-13,Monte_Carlo_Best_Sharpe,0.0
2025-03-14,Monte_Carlo_Best_Sharpe,0.0
2025-03-17,Monte_Carlo_Best_Sharpe,0.0
2025-03-18,Monte_Carlo_Best_Sharpe,0.0
2025-03-19,Monte_Carlo_Best_Sharpe,0.0
2025-03-21,Monte_Carlo_Best_Sharpe,0.0
2025-03-24,Monte_Carlo_Best_Sharpe,0.0
2025-03-25,Monte_Carlo_Best_Sharpe,0.0
2025-03-26,Monte_Carlo_Best_Sharpe,0.0
2025-03-27,Monte_Carlo_Best_Sharpe,-1.355174909978274e-05
2025-03-28,Monte_Carlo_Best_Sharpe,0.0
2025-04-02,Monte_Carlo_Best_Sharpe,0.0
2025-04-03,Monte_Carlo_Best_Sharpe,0.0
2025-04-04,Monte_Carlo_Best_Sharpe,0.0
2025-04-07,Monte_Carlo_Best_Sharpe,0.0
2025-04-08,Monte_Carlo_Best_Sharpe,0.0
2025-04-10,Monte_Carlo_Best_Sharpe,0.0
2025-04-11,Monte_Carlo_Best_Sharpe,0.0
2025-04-14,Monte_Carlo_Best_Sharpe,0.0
2025-04-15,Monte_Carlo_Best_Sharpe,0.0
2025-04-16,Monte_Carlo_Best_Sharpe,0.0
2025-04-17,Monte_Carlo_Best_Sharpe,0.0
2025-04-18,Monte_Carlo_Best_Sharpe,0.0
2025-04-21,Monte_Carlo_Best_Sharpe,0.0
2025-04-22,Monte_Carlo_Best_Sharpe,0.0
2025-04-23,Monte_Carlo_Best_Sharpe,0.0
2025-04-24,Monte_Carlo_Best_Sharpe,0.0
2025-04-25,Monte_Carlo_Best_Sharpe,0.0
2025-04-28,Monte_Carlo_Best_Sharpe,0.0
2025-04-29,Monte_Carlo_Best_Sharpe,0.0
2025-04-30,Monte_Carlo_Best_Sharpe,0.0
2025-05-02,Monte_Carlo_Best_Sharpe,0.0
2025-05-05,Monte_Carlo_Best_Sharpe,0.0
2025-05-06,Monte_Carlo_Best_Sharpe,0.0
2025-05-07,Monte_Carlo_Best_Sharpe,-7.987899388994801e-05
2025-05-08,Monte_Carlo_Best_Sharpe,0.0
2025-05-09,Monte_Carlo_Best_Sharpe,-0.00021865269876997218
2025-05-12,Monte_Carlo_Best_Sharpe,0.0
2025-05-13,Monte_Carlo_Best_Sharpe,0.0
2025-05-14,Monte_Carlo_Best_Sharpe,0.0
2025-05-15,Monte_Carlo_Best_Sharpe,-0.00039449546329284324
2025-05-16,Monte_Carlo_Best_Sharpe,0.0
2025-05-19,Monte_Carlo_Best_Sharpe,0.0
2025-05-20,Monte_Carlo_Best_Sharpe,-0.0017952082245267231
2025-05-21,Monte_Carlo_Best_Sharpe,-0.0005013162514793112
2025-05-22,Monte_Carlo_Best_Sharpe,-0.0005096922134320003
2025-05-26,Monte_Carlo_Best_Sharpe,0.0
2025-05-27,Monte_Carlo_Best_Sharpe,-0.00018242844404681158
2025-05-28,Monte_Carlo_Best_Sharpe,0.0
2025-05-29,Monte_Carlo_Best_Sharpe,-0.00046633937569962036
2025-05-30,Monte_Carlo_Best_Sharpe,0.0
2025-06-02,Monte_Carlo_Best_Sharpe,0.0
2025-06-03,Monte_Carlo_Best_Sharpe,-0.0023866642482927025
2025-06-04,Monte_Carlo_Best_Sharpe,-0.0009526720076331596
2025-06-05,Monte_Carlo_Best_Sharpe,-0.0011135349309584486
2025-06-09,Monte_Carlo_Best_Sharpe,-0.0009947448729659136
2025-06-10,Monte_Carlo_Best_Sharpe,-0.0010657410949945767
2025-06-11,Monte_Carlo_Best_Sharpe,-0.00026453856040908885
2025-06-12,Monte_Carlo_Best_Sharpe,-0.00030340866370082153
2025-06-13,Monte_Carlo_Best_Sharpe,-0.0013820063129695859
2025-06-16,Monte_Carlo_Best_Sharpe,-0.0019591276567185734
2025-06-17,Monte_Carlo_Best_Sharpe,-0.002404769066065904
2025-06-18,Monte_Carlo_Best_Sharpe,-0.001673432593922941
2025-06-19,Monte_Carlo_Best_Sharpe,-0.0008223789402845849
2025-06-20,Monte_Carlo_Best_Sharpe,-0.0009644779790647373
2025-06-23,Monte_Carlo_Best_Sharpe,0.0
2025-06-24,Monte_Carlo_Best_Sharpe,0.0
2025-06-25,Monte_Carlo_Best_Sharpe,0.0
2025-06-27,Monte_Carlo_Best_Sharpe,0.0
2025-06-30,Monte_Carlo_Best_Sharpe,0.0
2025-07-01,Monte_Carlo_Best_Sharpe,0.0
2025-07-02,Monte_Carlo_Best_Sharpe,0.0
2025-07-03,Monte_Carlo_Best_Sharpe,0.0
2025-07-04,Monte_Carlo_Best_Sharpe,0.0
2025-07-07,Monte_Carlo_Best_Sharpe,0.0
2025-07-08,Monte_Carlo_Best_Sharpe,0.0
2025-07-09,Monte_Carlo_Best_Sharpe,0.0
2025-07-10,Monte_Carlo_Best_Sharpe,0.0
2025-07-11,Monte_Carlo_Best_Sharpe,0.0
2025-07-14,Monte_Carlo_Best_Sharpe,0.0
2025-07-15,Monte_Carlo_Best_Sharpe,0.0
2025-07-16,Monte_Carlo_Best_Sharpe,0.0
2025-07-17,Monte_Carlo_Best_Sharpe,0.0
2025-07-18,Monte_Carlo_Best_Sharpe,0.0
2025-07-21,Monte_Carlo_Best_Sharpe,0.0
2025-07-22,Monte_Carlo_Best_Sharpe,0.0
2025-07-23,Monte_Carlo_Best_Sharpe,0.0
2025-07-24,Monte_Carlo_Best_Sharpe,0.0
2025-07-28,Monte_Carlo_Best_Sharpe,0.0
2025-07-29,Monte_Carlo_Best_Sharpe,0.0
2025-07-30,Monte_Carlo_Best_Sharpe,0.0
2025-07-31,Monte_Carlo_Best_Sharpe,0.0
2025-08-01,Monte_Carlo_Best_Sharpe,0.0
2025-08-04,Monte_Carlo_Best_Sharpe,0.0
2025-08-05,Monte_Carlo_Best_Sharpe,0.0
2025-08-06,Monte_Carlo_Best_Sharpe,-0.0006668204213535756
2025-08-07,Monte_Carlo_Best_Sharpe,-6.0473131794802626e-05
2025-08-08,Monte_Carlo_Best_Sharpe,-4.6303502753808345e-05
2025-08-11,Monte_Carlo_Best_Sharpe,0.0
2025-08-12,Monte_Carlo_Best_Sharpe,0.0
2025-08-14,Monte_Carlo_Best_Sharpe,0.0
2025-08-15,Monte_Carlo_Best_Sharpe,0.0
2025-08-18,Monte_Carlo_Best_Sharpe,0.0
2025-08-19,Monte_Carlo_Best_Sharpe,0.0
2025-08-20,Monte_Carlo_Best_Sharpe,0.0
2025-08-21,Monte_Carlo_Best_Sharpe,0.0
2025-08-22,Monte_Carlo_Best_Sharpe,0.0
2025-08-25,Monte_Carlo_Best_Sharpe,0.0
2025-08-26,Monte_Carlo_Best_Sharpe,0.0
2025-08-27,Monte_Carlo_Best_Sharpe,0.0
2025-08-28,Monte_Carlo_Best_Sharpe,0.0
2025-08-29,Monte_Carlo_Best_Sharpe,0.0
2025-09-01,Monte_Carlo_Best_Sharpe,0.0
2025-09-02,Monte_Carlo_Best_Sharpe,-1.8512406046000685e-05
2025-09-03,Monte_Carlo_Best_Sharpe,0.0
2025-09-05,Monte_Carlo_Best_Sharpe,0.0
2025-09-08,Monte_Carlo_Best_Sharpe,0.0
2025-09-09,Monte_Carlo_Best_Sharpe,0.0
2025-09-10,Monte_Carlo_Best_Sharpe,0.0
2025-09-11,Monte_Carlo_Best_Sharpe,0.0
2025-09-12,Monte_Carlo_Best_Sharpe,0.0
2025-09-15,Monte_Carlo_Best_Sharpe,0.0
2025-09-16,Monte_Carlo_Best_Sharpe,0.0
2025-09-17,Monte_Carlo_Best_Sharpe,0.0
2025-09-18,Monte_Carlo_Best_Sharpe,0.0
2025-09-19,Monte_Carlo_Best_Sharpe,-0.000577646892584105
2025-09-22,Monte_Carlo_Best_Sharpe,0.0
2025-09-23,Monte_Carlo_Best_Sharpe,0.0
2025-09-24,Monte_Carlo_Best_Sharpe,0.0
2025-09-25,Monte_Carlo_Best_Sharpe,-0.0004766244968402722
2025-09-26,Monte_Carlo_Best_Sharpe,-0.000959394016650017
2025-09-29,Monte_Carlo_Best_Sharpe,-0.000989980814614877
2025-09-30,Monte_Carlo_Best_Sharpe,-0.001159970941434496
2025-10-01,Monte_Carlo_Best_Sharpe,-0.0007145398546832826
2025-10-02,Monte_Carlo_Best_Sharpe,-0.0010223369241472158
2025-10-03,Monte_Carlo_Best_Sharpe,-0.0013139146021760029
2025-10-06,Monte_Carlo_Best_Sharpe,0.0
2025-10-07,Monte_Carlo_Best_Sharpe,-0.00026692229321878536
2025-10-08,Monte_Carlo_Best_Sharpe,0.0
2025-10-09,Monte_Carlo_Best_Sharpe,0.0
2025-10-10,Monte_Carlo_Best_Sharpe,0.0
2025-10-13,Monte_Carlo_Best_Sharpe,0.0
2025-10-14,Monte_Carlo_Best_Sharpe,0.0
2025-10-16,Monte_Carlo_Best_Sharpe,0.0
2025-10-17,Monte_Carlo_Best_Sharpe,0.0
2025-10-20,Monte_Carlo_Best_Sharpe,0.0
2025-10-21,Monte_Carlo_Best_Sharpe,0.0
2025-10-22,Monte_Carlo_Best_Sharpe,0.0
2025-10-23,Monte_Carlo_Best_Sharpe,0.0
2025-10-24,Monte_Carlo_Best_Sharpe,0.0
2025-10-27,Monte_Carlo_Best_Sharpe,0.0
2025-10-28,Monte_Carlo_Best_Sharpe,0.0
2025-10-29,Monte_Carlo_Best_Sharpe,0.0
2025-10-30,Monte_Carlo_Best_Sharpe,0.0
2025-10-31,Monte_Carlo_Best_Sharpe,0.0
2025-11-03,Monte_Carlo_Best_Sharpe,0.0
2025-11-04,Monte_Carlo_Best_Sharpe,0.0
2025-11-05,Monte_Carlo_Best_Sharpe,0.0
2025-11-06,Monte_Carlo_Best_Sharpe,0.0
2025-11-07,Monte_Carlo_Best_Sharpe,0.0
2025-11-10,Monte_Carlo_Best_Sharpe,0.0
2025-11-11,Monte_Carlo_Best_Sharpe,0.0
2025-11-12,Monte_Carlo_Best_Sharpe,0.0
2025-11-13,Monte_Carlo_Best_Sharpe,0.0
2025-11-14,Monte_Carlo_Best_Sharpe,-0.0008639653901485467
2025-11-17,Monte_Carlo_Best_Sharpe,0.0
2025-11-18,Monte_Carlo_Best_Sharpe,0.0
2025-11-19,Monte_Carlo_Best_Sharpe,0.0
2025-11-20,Monte_Carlo_Best_Sharpe,0.0
2025-11-21,Monte_Carlo_Best_Sharpe,0.0
2025-11-24,Monte_Carlo_Best_Sharpe,-0.00011892091770782098
2025-11-25,Monte_Carlo_Best_Sharpe,-0.00018778523763807176
2025-11-26,Monte_Carlo_Best_Sharpe,-7.942942952632315e-05
2025-11-27,Monte_Carlo_Best_Sharpe,-3.66752696975281e-05
2025-11-28,Monte_Carlo_Best_Sharpe,0.0
2025-12-01,Monte_Carlo_Best_Sharpe,0.0
2025-12-02,Monte_Carlo_Best_Sharpe,0.0
2025-12-03,Monte_Carlo_Best_Sharpe,0.0
2025-12-04,Monte_Carlo_Best_Sharpe,0.0
2025-12-05,Monte_Carlo_Best_Sharpe,0.0
2025-12-08,Monte_Carlo_Best_Sharpe,0.0
2025-12-09,Monte_Carlo_Best_Sharpe,0.0
2025-12-10,Monte_Carlo_Best_Sharpe,0.0
2025-12-11,Monte_Carlo_Best_Sharpe,0.0
2025-12-12,Monte_Carlo_Best_Sharpe,0.0
2025-12-15,Monte_Carlo_Best_Sharpe,-7.471048869045482e-05
2025-12-16,Monte_Carlo_Best_Sharpe,0.0
2025-12-18,Monte_Carlo_Best_Sharpe,0.0
2025-12-19,Monte_Carlo_Best_Sharpe,0.0
2025-12-22,Monte_Carlo_Best_Sharpe,0.0
2025-12-23,Monte_Carlo_Best_Sharpe,0.0
2025-12-24,Monte_Carlo_Best_Sharpe,0.0
2025-12-25,Monte_Carlo_Best_Sharpe,0.0
2025-12-26,Monte_Carlo_Best_Sharpe,0.0
2025-12-29,Monte_Carlo_Best_Sharpe,0.0
2025-12-30,Monte_Carlo_Best_Sharpe,0.0
2025-12-31,Monte_Carlo_Best_Sharpe,0.0
2025-01-03,Monte_Carlo_Min_Variance,0.0
2025-01-06,Monte_Carlo_Min_Variance,0.0
2025-01-07,Monte_Carlo_Min_Variance,-0.000438109924955854
2025-01-08,Monte_Carlo_Min_Variance,-0.0003697480995548119
2025-01-09,Monte_Carlo_Min_Variance,0.0
2025-01-10,Monte_Carlo_Min_Variance,0.0
2025-01-13,Monte_Carlo_Min_Variance,0.0
2025-01-14,Monte_Carlo_Min_Variance,0.0
2025-01-15,Monte_Carlo_Min_Variance,0.0
2025-01-16,Monte_Carlo_Min_Variance,0.0
2025-01-17,Monte_Carlo_Min_Variance,0.0
2025-01-20,Monte_Carlo_Min_Variance,0.0
2025-01-21,Monte_Carlo_Min_Variance,-0.00022591642180036509
2025-01-22,Monte_Carlo_Min_Variance,0.0
2025-01-23,Monte_Carlo_Min_Variance,0.0
2025-01-24,Monte_Carlo_Min_Variance,0.0
2025-01-27,Monte_Carlo_Min_Variance,0.0
2025-01-28,Monte_Carlo_Min_Variance,0.0
2025-01-29,Monte_Carlo_Min_Variance,0.0
2025-01-30,Monte_Carlo_Min_Variance,-0.0007549770227590624
2025-01-31,Monte_Carlo_Min_Variance,-0.00020410036774110019
2025-02-03,Monte_Carlo_Min_Variance,0.0
2025-02-04,Monte_Carlo_Min_Variance,0.0
2025-02-05,Monte_Carlo_Min_Variance,0.0
2025-02-06,Monte_Carlo_Min_Variance,0.0
2025-02-07,Monte_Carlo_Min_Variance,0.0
2025-02-10,Monte_Carlo_Min_Variance,0.0
2025-02-11,Monte_Carlo_Min_Variance,0.0
2025-02-12,Monte_Carlo_Min_Variance,0.0
2025-02-13,Monte_Carlo_Min_Variance,0.0
2025-02-14,Monte_Carlo_Min_Variance,0.0
2025-02-17,Monte_Carlo_Min_Variance,0.0
2025-02-18,Monte_Carlo_Min_Variance,0.0
2025-02-19,Monte_Carlo_Min_Variance,0.0
2025-02-20,Monte_Carlo_Min_Variance,0.0
2025-02-21,Monte_Carlo_Min_Variance,0.0
2025-02-24,Monte_Carlo_Min_Variance,0.0
2025-02-25,Monte_Carlo_Min_Variance,0.0
2025-02-26,Monte_Carlo_Min_Variance,0.0
2025-02-27,Monte_Carlo_Min_Variance,0.0
2025-02-28,Monte_Carlo_Min_Variance,-0.0007533065519298443
2025-03-03,Monte_Carlo_Min_Variance,0.0
2025-03-04,Monte_Carlo_Min_Variance,0.0
2025-03-05,Monte_Carlo_Min_Variance,0.0
2025-03-06,Monte_Carlo_Min_Variance,0.0
2025-03-07,Monte_Carlo_Min_Variance,-0.0009527998830104467
2025-03-10,Monte_Carlo_Min_Variance,0.0
2025-03-11,Monte_Carlo_Min_Variance,-0.0006889356832993077
2025-03-12,Monte_Carlo_Min_Variance,0.0
2025-03-13,Monte_Carlo_Min_Variance,0.0
2025-03-14,Monte_Carlo_Min_Variance,0.0
2025-03-17,Monte_Carlo_Min_Variance,0.0
2025-03-18,Monte_Carlo_Min_Variance,0.0
2025-03-19,Monte_Carlo_Min_Variance,0.0
2025-03-21,Monte_Carlo_Min_Variance,0.0
2025-03-24,Monte_Carlo_Min_Variance,0.0
2025-03-25,Monte_Carlo_Min_Variance,0.0
2025-03-26,Monte_Carlo_Min_Variance,0.0
2025-03-27,Monte_Carlo_Min_Variance,-1.355174909978274e-05
2025-03-28,Monte_Carlo_Min_Variance,0.0
2025-04-02,Monte_Carlo_Min_Variance,0.0
2025-04-03,Monte_Carlo_Min_Variance,0.0
2025-04-04,Monte_Carlo_Min_Variance,0.0
2025-04-07,Monte_Carlo_Min_Variance,0.0
2025-04-08,Monte_Carlo_Min_Variance,0.0
2025-04-10,Monte_Carlo_Min_Variance,0.0
2025-04-11,Monte_Carlo_Min_Variance,0.0
2025-04-14,Monte_Carlo_Min_Variance,0.0
2025-04-15,Monte_Carlo_Min_Variance,0.0
2025-04-16,Monte_Carlo_Min_Variance,0.0
2025-04-17,Monte_Carlo_Min_Variance,0.0
2025-04-18,Monte_Carlo_Min_Variance,0.0
2025-04-21,Monte_Carlo_Min_Variance,0.0
2025-04-22,Monte_Carlo_Min_Variance,0.0
2025-04-23,Monte_Carlo_Min_Variance,0.0
2025-04-24,Monte_Carlo_Min_Variance,0.0
2025-04-25,Monte_Carlo_Min_Variance,0.0
2025-04-28,Monte_Carlo_Min_Variance,0.0
2025-04-29,Monte_Carlo_Min_Variance,0.0
2025-04-30,Monte_Carlo_Min_Variance,0.0
2025-05-02,Monte_Carlo_Min_Variance,0.0
2025-05-05,Monte_Carlo_Min_Variance,0.0
2025-05-06,Monte_Carlo_Min_Variance,0.0
2025-05-07,Monte_Carlo_Min_Variance,-7.987899388994801e-05
2025-05-08,Monte_Carlo_Min_Variance,0.0
2025-05-09,Monte_Carlo_Min_Variance,-0.00021865269876997218
2025-05-12,Monte_Carlo_Min_Variance,0.0
2025-05-13,Monte_Carlo_Min_Variance,0.0
2025-05-14,Monte_Carlo_Min_Variance,0.0
2025-05-15,Monte_Carlo_Min_Variance,-0.00039449546329284324
2025-05-16,Monte_Carlo_Min_Variance,0.0
2025-05-19,Monte_Carlo_Min_Variance,0.0
2025-05-20,Monte_Carlo_Min_Variance,-0.0017952082245267231
2025-05-21,Monte_Carlo_Min_Variance,-0.0005013162514793112
2025-05-22,Monte_Carlo_Min_Variance,-0.0005096922134320003
2025-05-26,Monte_Carlo_Min_Variance,0.0
2025-05-27,Monte_Carlo_Min_Variance,-0.00018242844404681158
2025-05-28,Monte_Carlo_Min_Variance,0.0
2025-05-29,Monte_Carlo_Min_Variance,-0.00046633937569962036
2025-05-30,Monte_Carlo_Min_Variance,0.0
2025-06-02,Monte_Carlo_Min_Variance,0.0
2025-06-03,Monte_Carlo_Min_Variance,-0.0023866642482927025
2025-06-04,Monte_Carlo_Min_Variance,-0.0009526720076331596
2025-06-05,Monte_Carlo_Min_Variance,-0.0011135349309584486
2025-06-09,Monte_Carlo_Min_Variance,-0.0009947448729659136
2025-06-10,Monte_Carlo_Min_Variance,-0.0010657410949945767
2025-06-11,Monte_Carlo_Min_Variance,-0.00026453856040908885
2025-06-12,Monte_Carlo_Min_Variance,-0.00030340866370082153
2025-06-13,Monte_Carlo_Min_Variance,-0.0013820063129695859
2025-06-16,Monte_Carlo_Min_Variance,-0.0019591276567185734
2025-06-17,Monte_Carlo_Min_Variance,-0.002404769066065904
2025-06-18,Monte_Carlo_Min_Variance,-0.001673432593922941
2025-06-19,Monte_Carlo_Min_Variance,-0.0008223789402845849
2025-06-20,Monte_Carlo_Min_Variance,-0.0009644779790647373
2025-06-23,Monte_Carlo_Min_Variance,0.0
2025-06-24,Monte_Carlo_Min_Variance,0.0
2025-06-25,Monte_Carlo_Min_Variance,0.0
2025-06-27,Monte_Carlo_Min_Variance,0.0
2025-06-30,Monte_Carlo_Min_Variance,0.0
2025-07-01,Monte_Carlo_Min_Variance,0.0
2025-07-02,Monte_Carlo_Min_Variance,0.0
2025-07-03,Monte_Carlo_Min_Variance,0.0
2025-07-04,Monte_Carlo_Min_Variance,0.0
2025-07-07,Monte_Carlo_Min_Variance,0.0
2025-07-08,Monte_Carlo_Min_Variance,0.0
2025-07-09,Monte_Carlo_Min_Variance,0.0
2025-07-10,Monte_Carlo_Min_Variance,0.0
2025-07-11,Monte_Carlo_Min_Variance,0.0
2025-07-14,Monte_Carlo_Min_Variance,0.0
2025-07-15,Monte_Carlo_Min_Variance,0.0
2025-07-16,Monte_Carlo_Min_Variance,0.0
2025-07-17,Monte_Carlo_Min_Variance,0.0
2025-07-18,Monte_Carlo_Min_Variance,0.0
2025-07-21,Monte_Carlo_Min_Variance,0.0
2025-07-22,Monte_Carlo_Min_Variance,0.0
2025-07-23,Monte_Carlo_Min_Variance,0.0
2025-07-24,Monte_Carlo_Min_Variance,0.0
2025-07-28,Monte_Carlo_Min_Variance,0.0
2025-07-29,Monte_Carlo_Min_Variance,0.0
2025-07-30,Monte_Carlo_Min_Variance,0.0
2025-07-31,Monte_Carlo_Min_Variance,0.0
2025-08-01,Monte_Carlo_Min_Variance,0.0
2025-08-04,Monte_Carlo_Min_Variance,0.0
2025-08-05,Monte_Carlo_Min_Variance,0.0
2025-08-06,Monte_Carlo_Min_Variance,-0.0006668204213535756
2025-08-07,Monte_Carlo_Min_Variance,-6.0473131794802626e-05
2025-08-08,Monte_Carlo_Min_Variance,-4.6303502753808345e-05
2025-08-11,Monte_Carlo_Min_Variance,0.0
2025-08-12,Monte_Carlo_Min_Variance,0.0
2025-08-14,Monte_Carlo_Min_Variance,0.0
2025-08-15,Monte_Carlo_Min_Variance,0.0
2025-08-18,Monte_Carlo_Min_Variance,0.0
2025-08-19,Monte_Carlo_Min_Variance,0.0
2025-08-20,Monte_Carlo_Min_Variance,0.0
2025-08-21,Monte_Carlo_Min_Variance,0.0
2025-08-22,Monte_Carlo_Min_Variance,0.0
2025-08-25,Monte_Carlo_Min_Variance,0.0
2025-08-26,Monte_Carlo_Min_Variance,0.0
2025-08-27,Monte_Carlo_Min_Variance,0.0
2025-08-28,Monte_Carlo_Min_Variance,0.0
2025-08-29,Monte_Carlo_Min_Variance,0.0
2025-09-01,Monte_Carlo_Min_Variance,0.0
2025-09-02,Monte_Carlo_Min_Variance,-1.8512406046000685e-05
2025-09-03,Monte_Carlo_Min_Variance,0.0
2025-09-05,Monte_Carlo_Min_Variance,0.0
2025-09-08,Monte_Carlo_Min_Variance,0.0
2025-09-09,Monte_Carlo_Min_Variance,0.0
2025-09-10,Monte_Carlo_Min_Variance,0.0
2025-09-11,Monte_Carlo_Min_Variance,0.0
2025-09-12,Monte_Carlo_Min_Variance,0.0
2025-09-15,Monte_Carlo_Min_Variance,0.0
2025-09-16,Monte_Carlo_Min_Variance,0.0
2025-09-17,Monte_Carlo_Min_Variance,0.0
2025-09-18,Monte_Carlo_Min_Variance,0.0
2025-09-19,Monte_Carlo_Min_Variance,-0.000577646892584105
2025-09-22,Monte_Carlo_Min_Variance,0.0
2025-09-23,Monte_Carlo_Min_Variance,0.0
2025-09-24,Monte_Carlo_Min_Variance,0.0
2025-09-25,Monte_Carlo_Min_Variance,-0.0004766244968402722
2025-09-26,Monte_Carlo_Min_Variance,-0.000959394016650017
2025-09-29,Monte_Carlo_Min_Variance,-0.000989980814614877
2025-09-30,Monte_Carlo_Min_Variance,-0.001159970941434496
2025-10-01,Monte_Carlo_Min_Variance,-0.0007145398546832826
2025-10-02,Monte_Carlo_Min_Variance,-0.0010223369241472158
2025-10-03,Monte_Carlo_Min_Variance,-0.0013139146021760029
2025-10-06,Monte_Carlo_Min_Variance,0.0
2025-10-07,Monte_Carlo_Min_Variance,-0.00026692229321878536
2025-10-08,Monte_Carlo_Min_Variance,0.0
2025-10-09,Monte_Carlo_Min_Variance,0.0
2025-10-10,Monte_Carlo_Min_Variance,0.0
2025-10-13,Monte_Carlo_Min_Variance,0.0
2025-10-14,Monte_Carlo_Min_Variance,0.0
2025-10-16,Monte_Carlo_Min_Variance,0.0
2025-10-17,Monte_Carlo_Min_Variance,0.0
2025-10-20,Monte_Carlo_Min_Variance,0.0
2025-10-21,Monte_Carlo_Min_Variance,0.0
2025-10-22,Monte_Carlo_Min_Variance,0.0
2025-10-23,Monte_Carlo_Min_Variance,0.0
2025-10-24,Monte_Carlo_Min_Variance,0.0
2025-10-27,Monte_Carlo_Min_Variance,0.0
2025-10-28,Monte_Carlo_Min_Variance,0.0
2025-10-29,Monte_Carlo_Min_Variance,0.0
2025-10-30,Monte_Carlo_Min_Variance,0.0
2025-10-31,Monte_Carlo_Min_Variance,0.0
2025-11-03,Monte_Carlo_Min_Variance,0.0
2025-11-04,Monte_Carlo_Min_Variance,0.0
2025-11-05,Monte_Carlo_Min_Variance,0.0
2025-11-06,Monte_Carlo_Min_Variance,0.0
2025-11-07,Monte_Carlo_Min_Variance,0.0
2025-11-10,Monte_Carlo_Min_Variance,0.0
2025-11-11,Monte_Carlo_Min_Variance,0.0
2025-11-12,Monte_Carlo_Min_Variance,0.0
2025-11-13,Monte_Carlo_Min_Variance,0.0
2025-11-14,Monte_Carlo_Min_Variance,-0.0008639653901485467
2025-11-17,Monte_Carlo_Min_Variance,0.0
2025-11-18,Monte_Carlo_Min_Variance,0.0
2025-11-19,Monte_Carlo_Min_Variance,0.0
2025-11-20,Monte_Carlo_Min_Variance,0.0
2025-11-21,Monte_Carlo_Min_Variance,0.0
2025-11-24,Monte_Carlo_Min_Variance,-0.00011892091770782098
2025-11-25,Monte_Carlo_Min_Variance,-0.00018778523763807176
2025-11-26,Monte_Carlo_Min_Variance,-7.942942952632315e-05
2025-11-27,Monte_Carlo_Min_Variance,-3.66752696975281e-05
2025-11-28,Monte_Carlo_Min_Variance,0.0
2025-12-01,Monte_Carlo_Min_Variance,0.0
2025-12-02,Monte_Carlo_Min_Variance,0.0
2025-12-03,Monte_Carlo_Min_Variance,0.0
2025-12-04,Monte_Carlo_Min_Variance,0.0
2025-12-05,Monte_Carlo_Min_Variance,0.0
2025-12-08,Monte_Carlo_Min_Variance,0.0
2025-12-09,Monte_Carlo_Min_Variance,0.0
2025-12-10,Monte_Carlo_Min_Variance,0.0
2025-12-11,Monte_Carlo_Min_Variance,0.0
2025-12-12,Monte_Carlo_Min_Variance,0.0
2025-12-15,Monte_Carlo_Min_Variance,-7.471048869045482e-05
2025-12-16,Monte_Carlo_Min_Variance,0.0
2025-12-18,Monte_Carlo_Min_Variance,0.0
2025-12-19,Monte_Carlo_Min_Variance,0.0
2025-12-22,Monte_Carlo_Min_Variance,0.0
2025-12-23,Monte_Carlo_Min_Variance,0.0
2025-12-24,Monte_Carlo_Min_Variance,0.0
2025-12-25,Monte_Carlo_Min_Variance,0.0
2025-12-26,Monte_Carlo_Min_Variance,0.0
2025-12-29,Monte_Carlo_Min_Variance,0.0
2025-12-30,Monte_Carlo_Min_Variance,0.0
2025-12-31,Monte_Carlo_Min_Variance,0.0
