portfolio_name,constraint_id,constraint_name,origin,exposure_value,threshold_value,margin_value,margin_pct,status,severity,implementation_status,comment
Current_Portfolio,COVERAGE_GLOBAL,Couverture globale des provisions techniques,LEGAL_REGULATORY,509032582.0402451,261164044.33557004,247868537.70467508,0.9490913587866959,OK,INFO,ENFORCED,Contrainte testable contrôlée sur le portefeuille total.
Current_Portfolio,STATE_MIN_20_PT,Titres émis ou garantis par l'État >= 20% PT,LEGAL_REGULATORY,114927783.44993006,52232808.86711401,62694974.58281605,0.24005974766671628,OK,INFO,ENFORCED,Contrainte testable contrôlée sur le portefeuille total.
Current_Portfolio,REAL_ESTATE_TOTAL_MAX_20_PT,Immobilier total <= 20% PT,LEGAL_REGULATORY,25860875.370495003,52232808.86711401,26371933.496619005,0.10097842359468776,OK,INFO,POST_CHECK,Contrainte testable contrôlée sur le portefeuille total.
Current_Portfolio,SICAR_TOTAL_MAX_10_PT,SICAR/SICAF total <= 10% PT,LEGAL_REGULATORY,5215648.67154,26116404.433557004,20900755.762017004,0.08002922383588759,OK,INFO,POST_CHECK,Contrainte testable contrôlée sur le portefeuille total.
Current_Portfolio,LISTED_EQUITY_PER_COMPANY_MAX_10_PT::AMEN_BANK,LISTED_EQUITY_PER_COMPANY_MAX_10_PT::AMEN_BANK,LEGAL_REGULATORY,7042399.999999976,26116404.433557004,19074004.433557026,0.07303457289491509,OK,INFO,,Contrainte testable contrôlée sur le portefeuille total.
Current_Portfolio,LISTED_EQUITY_PER_COMPANY_MAX_10_PT::ATTIJARI_BANK,LISTED_EQUITY_PER_COMPANY_MAX_10_PT::ATTIJARI_BANK,LEGAL_REGULATORY,5382838.969999984,26116404.433557004,20733565.46355702,0.07938905034307261,OK,INFO,,Contrainte testable contrôlée sur le portefeuille total.
Current_Portfolio,LISTED_EQUITY_PER_COMPANY_MAX_10_PT::BIAT,LISTED_EQUITY_PER_COMPANY_MAX_10_PT::BIAT,LEGAL_REGULATORY,2219999.999999994,26116404.433557004,23896404.43355701,0.09149959556780522,OK,INFO,,Contrainte testable contrôlée sur le portefeuille total.
Current_Portfolio,LISTED_EQUITY_PER_COMPANY_MAX_10_PT::BT,LISTED_EQUITY_PER_COMPANY_MAX_10_PT::BT,LEGAL_REGULATORY,44799.999999995736,26116404.433557004,26071604.433557007,0.09982846030695391,OK,INFO,,Contrainte testable contrôlée sur le portefeuille total.
Current_Portfolio,LISTED_EQUITY_PER_COMPANY_MAX_10_PT::CITY_CARS,LISTED_EQUITY_PER_COMPANY_MAX_10_PT::CITY_CARS,LEGAL_REGULATORY,353161.8999999738,26116404.433557004,25763242.53355703,0.09864773919817924,OK,INFO,,Contrainte testable contrôlée sur le portefeuille total.
Current_Portfolio,LISTED_EQUITY_PER_COMPANY_MAX_10_PT::DELICE_HOLDING,LISTED_EQUITY_PER_COMPANY_MAX_10_PT::DELICE_HOLDING,LEGAL_REGULATORY,1407931.7999999744,26116404.433557004,24708472.63355703,0.0946090136428163,OK,INFO,,Contrainte testable contrôlée sur le portefeuille total.
Current_Portfolio,LISTED_EQUITY_PER_COMPANY_MAX_10_PT::ENNAKL,LISTED_EQUITY_PER_COMPANY_MAX_10_PT::ENNAKL,LEGAL_REGULATORY,9000000.359999994,26116404.433557004,17116404.07355701,0.06553889957211767,OK,INFO,,Contrainte testable contrôlée sur le portefeuille total.
Current_Portfolio,LISTED_EQUITY_PER_COMPANY_MAX_10_PT::PGH,LISTED_EQUITY_PER_COMPANY_MAX_10_PT::PGH,LEGAL_REGULATORY,14842253.999999985,26116404.433557004,11274150.433557019,0.04316884608767525,OK,INFO,,Contrainte testable contrôlée sur le portefeuille total.
Current_Portfolio,CAPITAL_SOCIAL_LIMITS,Limites en pourcentage du capital social,UNTESTED_MISSING_DATA,,,-0.0,-0.0,NOT_TESTED_DATA_MISSING,WARNING,CHECK_NOT_ENFORCED_MISSING_DATA,Contrainte non testée faute de données détaillées ; elle n’est pas assimilée à une conformité.
Current_Portfolio,OPCVM_ENTITY_LIMITS,OPCVM par entité,UNTESTED_MISSING_DATA,,,-0.0,-0.0,NOT_TESTED_DATA_MISSING,WARNING,CHECK_NOT_ENFORCED_MISSING_DATA,Contrainte non testée faute de données détaillées ; elle n’est pas assimilée à une conformité.
Current_Portfolio,SICAR_ENTITY_LIMITS,SICAR/SICAF par société,UNTESTED_MISSING_DATA,,,-0.0,-0.0,NOT_TESTED_DATA_MISSING,WARNING,CHECK_NOT_ENFORCED_MISSING_DATA,Contrainte non testée faute de données détaillées ; elle n’est pas assimilée à une conformité.
Current_Portfolio,OTHER_SECURITIES_LIMITS,Autres valeurs mobilières,UNTESTED_MISSING_DATA,,,-0.0,-0.0,NOT_TESTED_DATA_MISSING,WARNING,CHECK_NOT_ENFORCED_MISSING_DATA,Contrainte non testée faute de données détaillées ; elle n’est pas assimilée à une conformité.
Current_Portfolio,INTERNAL_NO_SHORT_SELLING,Absence de vente à découvert,INTERNAL_GOVERNANCE,0.00013540269722430012,0.0,0.00013540269722430012,,OK,INFO,INTERNAL_LIMIT,Contrôle interne appliqué à la poche optimisable.
Current_Portfolio,INTERNAL_FULL_INVESTMENT,Somme des poids optimisables égale à 100%,INTERNAL_GOVERNANCE,1.0,1.0,1.0,,OK,INFO,INTERNAL_LIMIT,Contrôle interne appliqué à la poche optimisable.
Current_Portfolio,INTERNAL_TURNOVER_MAX_30,Turnover maximum de gouvernance,INTERNAL_GOVERNANCE,0.0,0.3,0.3,,OK,INFO,INTERNAL_LIMIT,"Limite interne de réallocation, non réglementaire."
Current_Portfolio,INTERNAL_MAX_ASSET_WEIGHT,Poids maximum par actif,INTERNAL_GOVERNANCE,0.416767509097986,0.3,-0.116767509097986,,WARNING,WARNING,INTERNAL_LIMIT,"Limite interne de concentration, non réglementaire."
Minimum_Variance,COVERAGE_GLOBAL,Couverture globale des provisions techniques,LEGAL_REGULATORY,509032582.0402451,261164044.33557004,247868537.70467508,0.9490913587866959,OK,INFO,ENFORCED,Contrainte testable contrôlée sur le portefeuille total.
Minimum_Variance,STATE_MIN_20_PT,Titres émis ou garantis par l'État >= 20% PT,LEGAL_REGULATORY,114981274.67797275,52232808.86711401,62748465.81085874,0.2402645661675891,OK,INFO,ENFORCED,Contrainte testable contrôlée sur le portefeuille total.
Minimum_Variance,REAL_ESTATE_TOTAL_MAX_20_PT,Immobilier total <= 20% PT,LEGAL_REGULATORY,25860875.370495003,52232808.86711401,26371933.496619005,0.10097842359468776,OK,INFO,POST_CHECK,Contrainte testable contrôlée sur le portefeuille total.
Minimum_Variance,SICAR_TOTAL_MAX_10_PT,SICAR/SICAF total <= 10% PT,LEGAL_REGULATORY,5215648.67154,26116404.433557004,20900755.762017004,0.08002922383588759,OK,INFO,POST_CHECK,Contrainte testable contrôlée sur le portefeuille total.
Minimum_Variance,LISTED_EQUITY_PER_COMPANY_MAX_10_PT::AMEN_BANK,LISTED_EQUITY_PER_COMPANY_MAX_10_PT::AMEN_BANK,LEGAL_REGULATORY,7042397.842030773,26116404.433557004,19074006.591526233,0.07303458115780292,OK,INFO,,Contrainte testable contrôlée sur le portefeuille total.
Minimum_Variance,LISTED_EQUITY_PER_COMPANY_MAX_10_PT::ATTIJARI_BANK,LISTED_EQUITY_PER_COMPANY_MAX_10_PT::ATTIJARI_BANK,LEGAL_REGULATORY,5382649.879165986,26116404.433557004,20733754.55439102,0.07938977437395704,OK,INFO,,Contrainte testable contrôlée sur le portefeuille total.
Minimum_Variance,LISTED_EQUITY_PER_COMPANY_MAX_10_PT::BIAT,LISTED_EQUITY_PER_COMPANY_MAX_10_PT::BIAT,LEGAL_REGULATORY,2220004.3938915324,26116404.433557004,23896400.03966547,0.09149957874354617,OK,INFO,,Contrainte testable contrôlée sur le portefeuille total.
Minimum_Variance,LISTED_EQUITY_PER_COMPANY_MAX_10_PT::BT,LISTED_EQUITY_PER_COMPANY_MAX_10_PT::BT,LEGAL_REGULATORY,44802.16780643736,26116404.433557004,26071602.265750565,0.0998284520063992,OK,INFO,,Contrainte testable contrôlée sur le portefeuille total.
Minimum_Variance,LISTED_EQUITY_PER_COMPANY_MAX_10_PT::CITY_CARS,LISTED_EQUITY_PER_COMPANY_MAX_10_PT::CITY_CARS,LEGAL_REGULATORY,353183.37770965404,26116404.433557004,25763221.05584735,0.0986476569597925,OK,INFO,,Contrainte testable contrôlée sur le portefeuille total.
Minimum_Variance,LISTED_EQUITY_PER_COMPANY_MAX_10_PT::DELICE_HOLDING,LISTED_EQUITY_PER_COMPANY_MAX_10_PT::DELICE_HOLDING,LEGAL_REGULATORY,1407930.540177619,26116404.433557004,24708473.893379383,0.09460901846668997,OK,INFO,,Contrainte testable contrôlée sur le portefeuille total.
Minimum_Variance,LISTED_EQUITY_PER_COMPANY_MAX_10_PT::ENNAKL,LISTED_EQUITY_PER_COMPANY_MAX_10_PT::ENNAKL,LEGAL_REGULATORY,8694053.373122439,26116404.433557004,17422351.060434565,0.0667103739519693,OK,INFO,,Contrainte testable contrôlée sur le portefeuille total.
Minimum_Variance,LISTED_EQUITY_PER_COMPANY_MAX_10_PT::PGH,LISTED_EQUITY_PER_COMPANY_MAX_10_PT::PGH,LEGAL_REGULATORY,4153002.956846222,26116404.433557004,21963401.47671078,0.0840981059723902,OK,INFO,,Contrainte testable contrôlée sur le portefeuille total.
Minimum_Variance,CAPITAL_SOCIAL_LIMITS,Limites en pourcentage du capital social,UNTESTED_MISSING_DATA,,,-0.0,-0.0,NOT_TESTED_DATA_MISSING,WARNING,CHECK_NOT_ENFORCED_MISSING_DATA,Contrainte non testée faute de données détaillées ; elle n’est pas assimilée à une conformité.
Minimum_Variance,OPCVM_ENTITY_LIMITS,OPCVM par entité,UNTESTED_MISSING_DATA,,,-0.0,-0.0,NOT_TESTED_DATA_MISSING,WARNING,CHECK_NOT_ENFORCED_MISSING_DATA,Contrainte non testée faute de données détaillées ; elle n’est pas assimilée à une conformité.
Minimum_Variance,SICAR_ENTITY_LIMITS,SICAR/SICAF par société,UNTESTED_MISSING_DATA,,,-0.0,-0.0,NOT_TESTED_DATA_MISSING,WARNING,CHECK_NOT_ENFORCED_MISSING_DATA,Contrainte non testée faute de données détaillées ; elle n’est pas assimilée à une conformité.
Minimum_Variance,OTHER_SECURITIES_LIMITS,Autres valeurs mobilières,UNTESTED_MISSING_DATA,,,-0.0,-0.0,NOT_TESTED_DATA_MISSING,WARNING,CHECK_NOT_ENFORCED_MISSING_DATA,Contrainte non testée faute de données détaillées ; elle n’est pas assimilée à une conformité.
Minimum_Variance,INTERNAL_NO_SHORT_SELLING,Absence de vente à découvert,INTERNAL_GOVERNANCE,0.00013540924916267638,0.0,0.00013540924916267638,,OK,INFO,INTERNAL_LIMIT,Contrôle interne appliqué à la poche optimisable.
Minimum_Variance,INTERNAL_FULL_INVESTMENT,Somme des poids optimisables égale à 100%,INTERNAL_GOVERNANCE,1.0,1.0,1.0,,OK,INFO,INTERNAL_LIMIT,Contrôle interne appliqué à la poche optimisable.
Minimum_Variance,INTERNAL_TURNOVER_MAX_30,Turnover maximum de gouvernance,INTERNAL_GOVERNANCE,0.29999956800021194,0.3,4.319997880530835e-07,,OK,INFO,INTERNAL_LIMIT,"Limite interne de réallocation, non réglementaire."
Minimum_Variance,INTERNAL_MAX_ASSET_WEIGHT,Poids maximum par actif,INTERNAL_GOVERNANCE,0.2999999915257558,0.3,8.474244195255665e-09,,OK,INFO,INTERNAL_LIMIT,"Limite interne de concentration, non réglementaire."
Mean_Variance_lambda_2,COVERAGE_GLOBAL,Couverture globale des provisions techniques,LEGAL_REGULATORY,509032582.0402451,261164044.33557004,247868537.70467508,0.9490913587866959,OK,INFO,ENFORCED,Contrainte testable contrôlée sur le portefeuille total.
Mean_Variance_lambda_2,STATE_MIN_20_PT,Titres émis ou garantis par l'État >= 20% PT,LEGAL_REGULATORY,114927682.25009635,52232808.86711401,62694873.38298234,0.24005936017143928,OK,INFO,ENFORCED,Contrainte testable contrôlée sur le portefeuille total.
Mean_Variance_lambda_2,REAL_ESTATE_TOTAL_MAX_20_PT,Immobilier total <= 20% PT,LEGAL_REGULATORY,25860875.370495003,52232808.86711401,26371933.496619005,0.10097842359468776,OK,INFO,POST_CHECK,Contrainte testable contrôlée sur le portefeuille total.
Mean_Variance_lambda_2,SICAR_TOTAL_MAX_10_PT,SICAR/SICAF total <= 10% PT,LEGAL_REGULATORY,5215648.67154,26116404.433557004,20900755.762017004,0.08002922383588759,OK,INFO,POST_CHECK,Contrainte testable contrôlée sur le portefeuille total.
Mean_Variance_lambda_2,LISTED_EQUITY_PER_COMPANY_MAX_10_PT::AMEN_BANK,LISTED_EQUITY_PER_COMPANY_MAX_10_PT::AMEN_BANK,LEGAL_REGULATORY,7042400.99294763,26116404.433557004,19074003.440609373,0.07303456909290759,OK,INFO,,Contrainte testable contrôlée sur le portefeuille total.
Mean_Variance_lambda_2,LISTED_EQUITY_PER_COMPANY_MAX_10_PT::ATTIJARI_BANK,LISTED_EQUITY_PER_COMPANY_MAX_10_PT::ATTIJARI_BANK,LEGAL_REGULATORY,5382871.301103493,26116404.433557004,20733533.13245351,0.07938892654692145,OK,INFO,,Contrainte testable contrôlée sur le portefeuille total.
Mean_Variance_lambda_2,LISTED_EQUITY_PER_COMPANY_MAX_10_PT::BIAT,LISTED_EQUITY_PER_COMPANY_MAX_10_PT::BIAT,LEGAL_REGULATORY,2220001.1650871597,26116404.433557004,23896403.268469844,0.09149959110667363,OK,INFO,,Contrainte testable contrôlée sur le portefeuille total.
Mean_Variance_lambda_2,LISTED_EQUITY_PER_COMPANY_MAX_10_PT::BT,LISTED_EQUITY_PER_COMPANY_MAX_10_PT::BT,LEGAL_REGULATORY,26116403.999913853,26116404.433557004,0.4336431510746479,1.6604243979215579e-09,OK,INFO,,Contrainte testable contrôlée sur le portefeuille total.
Mean_Variance_lambda_2,LISTED_EQUITY_PER_COMPANY_MAX_10_PT::CITY_CARS,LISTED_EQUITY_PER_COMPANY_MAX_10_PT::CITY_CARS,LEGAL_REGULATORY,7979084.544945271,26116404.433557004,18137319.888611734,0.06944799746364422,OK,INFO,,Contrainte testable contrôlée sur le portefeuille total.
Mean_Variance_lambda_2,LISTED_EQUITY_PER_COMPANY_MAX_10_PT::DELICE_HOLDING,LISTED_EQUITY_PER_COMPANY_MAX_10_PT::DELICE_HOLDING,LEGAL_REGULATORY,17340100.83594389,26116404.433557004,8776303.597613115,0.03360456306280979,OK,INFO,,Contrainte testable contrôlée sur le portefeuille total.
Mean_Variance_lambda_2,LISTED_EQUITY_PER_COMPANY_MAX_10_PT::ENNAKL,LISTED_EQUITY_PER_COMPANY_MAX_10_PT::ENNAKL,LEGAL_REGULATORY,0.0,26116404.433557004,26116404.433557004,0.1,OK,INFO,,Contrainte testable contrôlée sur le portefeuille total.
Mean_Variance_lambda_2,LISTED_EQUITY_PER_COMPANY_MAX_10_PT::PGH,LISTED_EQUITY_PER_COMPANY_MAX_10_PT::PGH,LEGAL_REGULATORY,12846899.547749871,26116404.433557004,13269504.885807132,0.050809080245200706,OK,INFO,,Contrainte testable contrôlée sur le portefeuille total.
Mean_Variance_lambda_2,CAPITAL_SOCIAL_LIMITS,Limites en pourcentage du capital social,UNTESTED_MISSING_DATA,,,-0.0,-0.0,NOT_TESTED_DATA_MISSING,WARNING,CHECK_NOT_ENFORCED_MISSING_DATA,Contrainte non testée faute de données détaillées ; elle n’est pas assimilée à une conformité.
Mean_Variance_lambda_2,OPCVM_ENTITY_LIMITS,OPCVM par entité,UNTESTED_MISSING_DATA,,,-0.0,-0.0,NOT_TESTED_DATA_MISSING,WARNING,CHECK_NOT_ENFORCED_MISSING_DATA,Contrainte non testée faute de données détaillées ; elle n’est pas assimilée à une conformité.
Mean_Variance_lambda_2,SICAR_ENTITY_LIMITS,SICAR/SICAF par société,UNTESTED_MISSING_DATA,,,-0.0,-0.0,NOT_TESTED_DATA_MISSING,WARNING,CHECK_NOT_ENFORCED_MISSING_DATA,Contrainte non testée faute de données détaillées ; elle n’est pas assimilée à une conformité.
Mean_Variance_lambda_2,OTHER_SECURITIES_LIMITS,Autres valeurs mobilières,UNTESTED_MISSING_DATA,,,-0.0,-0.0,NOT_TESTED_DATA_MISSING,WARNING,CHECK_NOT_ENFORCED_MISSING_DATA,Contrainte non testée faute de données détaillées ; elle n’est pas assimilée à une conformité.
Mean_Variance_lambda_2,INTERNAL_NO_SHORT_SELLING,Absence de vente à découvert,INTERNAL_GOVERNANCE,0.0,0.0,0.0,,OK,INFO,INTERNAL_LIMIT,Contrôle interne appliqué à la poche optimisable.
Mean_Variance_lambda_2,INTERNAL_FULL_INVESTMENT,Somme des poids optimisables égale à 100%,INTERNAL_GOVERNANCE,1.0,1.0,1.0,,OK,INFO,INTERNAL_LIMIT,Contrôle interne appliqué à la poche optimisable.
Mean_Variance_lambda_2,INTERNAL_TURNOVER_MAX_30,Turnover maximum de gouvernance,INTERNAL_GOVERNANCE,0.2999999699787914,0.3,3.002120857464874e-08,,OK,INFO,INTERNAL_LIMIT,"Limite interne de réallocation, non réglementaire."
Mean_Variance_lambda_2,INTERNAL_MAX_ASSET_WEIGHT,Poids maximum par actif,INTERNAL_GOVERNANCE,0.2999999983698189,0.3,1.6301811012198186e-09,,OK,INFO,INTERNAL_LIMIT,"Limite interne de concentration, non réglementaire."
Mean_Variance_lambda_5,COVERAGE_GLOBAL,Couverture globale des provisions techniques,LEGAL_REGULATORY,509032582.0402451,261164044.33557004,247868537.70467508,0.9490913587866959,OK,INFO,ENFORCED,Contrainte testable contrôlée sur le portefeuille total.
Mean_Variance_lambda_5,STATE_MIN_20_PT,Titres émis ou garantis par l'État >= 20% PT,LEGAL_REGULATORY,114927782.97290212,52232808.86711401,62694974.10578811,0.24005974584017106,OK,INFO,ENFORCED,Contrainte testable contrôlée sur le portefeuille total.
Mean_Variance_lambda_5,REAL_ESTATE_TOTAL_MAX_20_PT,Immobilier total <= 20% PT,LEGAL_REGULATORY,25860875.370495003,52232808.86711401,26371933.496619005,0.10097842359468776,OK,INFO,POST_CHECK,Contrainte testable contrôlée sur le portefeuille total.
Mean_Variance_lambda_5,SICAR_TOTAL_MAX_10_PT,SICAR/SICAF total <= 10% PT,LEGAL_REGULATORY,5215648.67154,26116404.433557004,20900755.762017004,0.08002922383588759,OK,INFO,POST_CHECK,Contrainte testable contrôlée sur le portefeuille total.
Mean_Variance_lambda_5,LISTED_EQUITY_PER_COMPANY_MAX_10_PT::AMEN_BANK,LISTED_EQUITY_PER_COMPANY_MAX_10_PT::AMEN_BANK,LEGAL_REGULATORY,7042400.545991334,26116404.433557004,19074003.88756567,0.07303457080430817,OK,INFO,,Contrainte testable contrôlée sur le portefeuille total.
Mean_Variance_lambda_5,LISTED_EQUITY_PER_COMPANY_MAX_10_PT::ATTIJARI_BANK,LISTED_EQUITY_PER_COMPANY_MAX_10_PT::ATTIJARI_BANK,LEGAL_REGULATORY,5382850.15532003,26116404.433557004,20733554.278236974,0.07938900751435907,OK,INFO,,Contrainte testable contrôlée sur le portefeuille total.
Mean_Variance_lambda_5,LISTED_EQUITY_PER_COMPANY_MAX_10_PT::BIAT,LISTED_EQUITY_PER_COMPANY_MAX_10_PT::BIAT,LEGAL_REGULATORY,2220000.5283006574,26116404.433557004,23896403.905256346,0.09149959354493616,OK,INFO,,Contrainte testable contrôlée sur le portefeuille total.
Mean_Variance_lambda_5,LISTED_EQUITY_PER_COMPANY_MAX_10_PT::BT,LISTED_EQUITY_PER_COMPANY_MAX_10_PT::BT,LEGAL_REGULATORY,26116404.420196816,26116404.433557004,0.013360187411308289,5.1156304633350546e-11,OK,INFO,,Contrainte testable contrôlée sur le portefeuille total.
Mean_Variance_lambda_5,LISTED_EQUITY_PER_COMPANY_MAX_10_PT::CITY_CARS,LISTED_EQUITY_PER_COMPANY_MAX_10_PT::CITY_CARS,LEGAL_REGULATORY,14424832.92695622,26116404.433557004,11691571.506600784,0.04476715597028459,OK,INFO,,Contrainte testable contrôlée sur le portefeuille total.
Mean_Variance_lambda_5,LISTED_EQUITY_PER_COMPANY_MAX_10_PT::DELICE_HOLDING,LISTED_EQUITY_PER_COMPANY_MAX_10_PT::DELICE_HOLDING,LEGAL_REGULATORY,10894377.76692467,26116404.433557004,15222026.666632334,0.05828530763244549,OK,INFO,,Contrainte testable contrôlée sur le portefeuille total.
Mean_Variance_lambda_5,LISTED_EQUITY_PER_COMPANY_MAX_10_PT::ENNAKL,LISTED_EQUITY_PER_COMPANY_MAX_10_PT::ENNAKL,LEGAL_REGULATORY,0.027435248788341603,26116404.433557004,26116404.406121753,0.09999999989495012,OK,INFO,,Contrainte testable contrôlée sur le portefeuille total.
Mean_Variance_lambda_5,LISTED_EQUITY_PER_COMPANY_MAX_10_PT::PGH,LISTED_EQUITY_PER_COMPANY_MAX_10_PT::PGH,LEGAL_REGULATORY,12846791.093942823,26116404.433557004,13269613.33961418,0.05080949551602148,OK,INFO,,Contrainte testable contrôlée sur le portefeuille total.
Mean_Variance_lambda_5,CAPITAL_SOCIAL_LIMITS,Limites en pourcentage du capital social,UNTESTED_MISSING_DATA,,,-0.0,-0.0,NOT_TESTED_DATA_MISSING,WARNING,CHECK_NOT_ENFORCED_MISSING_DATA,Contrainte non testée faute de données détaillées ; elle n’est pas assimilée à une conformité.
Mean_Variance_lambda_5,OPCVM_ENTITY_LIMITS,OPCVM par entité,UNTESTED_MISSING_DATA,,,-0.0,-0.0,NOT_TESTED_DATA_MISSING,WARNING,CHECK_NOT_ENFORCED_MISSING_DATA,Contrainte non testée faute de données détaillées ; elle n’est pas assimilée à une conformité.
Mean_Variance_lambda_5,SICAR_ENTITY_LIMITS,SICAR/SICAF par société,UNTESTED_MISSING_DATA,,,-0.0,-0.0,NOT_TESTED_DATA_MISSING,WARNING,CHECK_NOT_ENFORCED_MISSING_DATA,Contrainte non testée faute de données détaillées ; elle n’est pas assimilée à une conformité.
Mean_Variance_lambda_5,OTHER_SECURITIES_LIMITS,Autres valeurs mobilières,UNTESTED_MISSING_DATA,,,-0.0,-0.0,NOT_TESTED_DATA_MISSING,WARNING,CHECK_NOT_ENFORCED_MISSING_DATA,Contrainte non testée faute de données détaillées ; elle n’est pas assimilée à une conformité.
Mean_Variance_lambda_5,INTERNAL_NO_SHORT_SELLING,Absence de vente à découvert,INTERNAL_GOVERNANCE,8.29197920750339e-11,0.0,8.29197920750339e-11,,OK,INFO,INTERNAL_LIMIT,Contrôle interne appliqué à la poche optimisable.
Mean_Variance_lambda_5,INTERNAL_FULL_INVESTMENT,Somme des poids optimisables égale à 100%,INTERNAL_GOVERNANCE,1.0,1.0,1.0,,OK,INFO,INTERNAL_LIMIT,Contrôle interne appliqué à la poche optimisable.
Mean_Variance_lambda_5,INTERNAL_TURNOVER_MAX_30,Turnover maximum de gouvernance,INTERNAL_GOVERNANCE,0.29999999335089617,0.3,6.649103823086477e-09,,OK,INFO,INTERNAL_LIMIT,"Limite interne de réallocation, non réglementaire."
Mean_Variance_lambda_5,INTERNAL_MAX_ASSET_WEIGHT,Poids maximum par actif,INTERNAL_GOVERNANCE,0.30000000001921323,0.3,-1.9213242108406803e-11,,OK,INFO,INTERNAL_LIMIT,"Limite interne de concentration, non réglementaire."
Mean_Variance_lambda_10,COVERAGE_GLOBAL,Couverture globale des provisions techniques,LEGAL_REGULATORY,509032582.0402451,261164044.33557004,247868537.70467508,0.9490913587866959,OK,INFO,ENFORCED,Contrainte testable contrôlée sur le portefeuille total.
Mean_Variance_lambda_10,STATE_MIN_20_PT,Titres émis ou garantis par l'État >= 20% PT,LEGAL_REGULATORY,114927791.00258675,52232808.86711401,62694982.135472745,0.2400597765859219,OK,INFO,ENFORCED,Contrainte testable contrôlée sur le portefeuille total.
Mean_Variance_lambda_10,REAL_ESTATE_TOTAL_MAX_20_PT,Immobilier total <= 20% PT,LEGAL_REGULATORY,25860875.370495003,52232808.86711401,26371933.496619005,0.10097842359468776,OK,INFO,POST_CHECK,Contrainte testable contrôlée sur le portefeuille total.
Mean_Variance_lambda_10,SICAR_TOTAL_MAX_10_PT,SICAR/SICAF total <= 10% PT,LEGAL_REGULATORY,5215648.67154,26116404.433557004,20900755.762017004,0.08002922383588759,OK,INFO,POST_CHECK,Contrainte testable contrôlée sur le portefeuille total.
Mean_Variance_lambda_10,LISTED_EQUITY_PER_COMPANY_MAX_10_PT::AMEN_BANK,LISTED_EQUITY_PER_COMPANY_MAX_10_PT::AMEN_BANK,LEGAL_REGULATORY,7042479.423565878,26116404.433557004,19073925.009991124,0.07303426878120715,OK,INFO,,Contrainte testable contrôlée sur le portefeuille total.
Mean_Variance_lambda_10,LISTED_EQUITY_PER_COMPANY_MAX_10_PT::ATTIJARI_BANK,LISTED_EQUITY_PER_COMPANY_MAX_10_PT::ATTIJARI_BANK,LEGAL_REGULATORY,5382844.519445748,26116404.433557004,20733559.914111257,0.07938902909418372,OK,INFO,,Contrainte testable contrôlée sur le portefeuille total.
Mean_Variance_lambda_10,LISTED_EQUITY_PER_COMPANY_MAX_10_PT::BIAT,LISTED_EQUITY_PER_COMPANY_MAX_10_PT::BIAT,LEGAL_REGULATORY,7614621.03848074,26116404.433557004,18501783.395076264,0.07084353224099753,OK,INFO,,Contrainte testable contrôlée sur le portefeuille total.
Mean_Variance_lambda_10,LISTED_EQUITY_PER_COMPANY_MAX_10_PT::BT,LISTED_EQUITY_PER_COMPANY_MAX_10_PT::BT,LEGAL_REGULATORY,22939746.424876533,26116404.433557004,3176658.0086804703,0.012163458475925492,OK,INFO,,Contrainte testable contrôlée sur le portefeuille total.
Mean_Variance_lambda_10,LISTED_EQUITY_PER_COMPANY_MAX_10_PT::CITY_CARS,LISTED_EQUITY_PER_COMPANY_MAX_10_PT::CITY_CARS,LEGAL_REGULATORY,15137351.562482381,26116404.433557004,10979052.871074622,0.04203891427323595,OK,INFO,,Contrainte testable contrôlée sur le portefeuille total.
Mean_Variance_lambda_10,LISTED_EQUITY_PER_COMPANY_MAX_10_PT::DELICE_HOLDING,LISTED_EQUITY_PER_COMPANY_MAX_10_PT::DELICE_HOLDING,LEGAL_REGULATORY,7963173.87810254,26116404.433557004,18153230.555454463,0.06950891958208977,OK,INFO,,Contrainte testable contrôlée sur le portefeuille total.
Mean_Variance_lambda_10,LISTED_EQUITY_PER_COMPANY_MAX_10_PT::ENNAKL,LISTED_EQUITY_PER_COMPANY_MAX_10_PT::ENNAKL,LEGAL_REGULATORY,2.5375844205203277,26116404.433557004,26116401.895972583,0.09999999028356132,OK,INFO,,Contrainte testable contrôlée sur le portefeuille total.
Mean_Variance_lambda_10,LISTED_EQUITY_PER_COMPANY_MAX_10_PT::PGH,LISTED_EQUITY_PER_COMPANY_MAX_10_PT::PGH,LEGAL_REGULATORY,12846791.613494512,26116404.433557004,13269612.820062492,0.050809493526652344,OK,INFO,,Contrainte testable contrôlée sur le portefeuille total.
Mean_Variance_lambda_10,CAPITAL_SOCIAL_LIMITS,Limites en pourcentage du capital social,UNTESTED_MISSING_DATA,,,-0.0,-0.0,NOT_TESTED_DATA_MISSING,WARNING,CHECK_NOT_ENFORCED_MISSING_DATA,Contrainte non testée faute de données détaillées ; elle n’est pas assimilée à une conformité.
Mean_Variance_lambda_10,OPCVM_ENTITY_LIMITS,OPCVM par entité,UNTESTED_MISSING_DATA,,,-0.0,-0.0,NOT_TESTED_DATA_MISSING,WARNING,CHECK_NOT_ENFORCED_MISSING_DATA,Contrainte non testée faute de données détaillées ; elle n’est pas assimilée à une conformité.
Mean_Variance_lambda_10,SICAR_ENTITY_LIMITS,SICAR/SICAF par société,UNTESTED_MISSING_DATA,,,-0.0,-0.0,NOT_TESTED_DATA_MISSING,WARNING,CHECK_NOT_ENFORCED_MISSING_DATA,Contrainte non testée faute de données détaillées ; elle n’est pas assimilée à une conformité.
Mean_Variance_lambda_10,OTHER_SECURITIES_LIMITS,Autres valeurs mobilières,UNTESTED_MISSING_DATA,,,-0.0,-0.0,NOT_TESTED_DATA_MISSING,WARNING,CHECK_NOT_ENFORCED_MISSING_DATA,Contrainte non testée faute de données détaillées ; elle n’est pas assimilée à une conformité.
Mean_Variance_lambda_10,INTERNAL_NO_SHORT_SELLING,Absence de vente à découvert,INTERNAL_GOVERNANCE,7.669548548501065e-09,0.0,7.669548548501065e-09,,OK,INFO,INTERNAL_LIMIT,Contrôle interne appliqué à la poche optimisable.
Mean_Variance_lambda_10,INTERNAL_FULL_INVESTMENT,Somme des poids optimisables égale à 100%,INTERNAL_GOVERNANCE,1.0,1.0,1.0,,OK,INFO,INTERNAL_LIMIT,Contrôle interne appliqué à la poche optimisable.
Mean_Variance_lambda_10,INTERNAL_TURNOVER_MAX_30,Turnover maximum de gouvernance,INTERNAL_GOVERNANCE,0.2999999731214063,0.3,2.687859368410983e-08,,OK,INFO,INTERNAL_LIMIT,"Limite interne de réallocation, non réglementaire."
Mean_Variance_lambda_10,INTERNAL_MAX_ASSET_WEIGHT,Poids maximum par actif,INTERNAL_GOVERNANCE,0.29999999953528544,0.3,4.6471454462349016e-10,,OK,INFO,INTERNAL_LIMIT,"Limite interne de concentration, non réglementaire."
Mean_Variance_lambda_20,COVERAGE_GLOBAL,Couverture globale des provisions techniques,LEGAL_REGULATORY,509032582.0402451,261164044.33557004,247868537.70467508,0.9490913587866959,OK,INFO,ENFORCED,Contrainte testable contrôlée sur le portefeuille total.
Mean_Variance_lambda_20,STATE_MIN_20_PT,Titres émis ou garantis par l'État >= 20% PT,LEGAL_REGULATORY,114927788.58294953,52232808.86711401,62694979.71583553,0.24005976732110437,OK,INFO,ENFORCED,Contrainte testable contrôlée sur le portefeuille total.
Mean_Variance_lambda_20,REAL_ESTATE_TOTAL_MAX_20_PT,Immobilier total <= 20% PT,LEGAL_REGULATORY,25860875.370495003,52232808.86711401,26371933.496619005,0.10097842359468776,OK,INFO,POST_CHECK,Contrainte testable contrôlée sur le portefeuille total.
Mean_Variance_lambda_20,SICAR_TOTAL_MAX_10_PT,SICAR/SICAF total <= 10% PT,LEGAL_REGULATORY,5215648.67154,26116404.433557004,20900755.762017004,0.08002922383588759,OK,INFO,POST_CHECK,Contrainte testable contrôlée sur le portefeuille total.
Mean_Variance_lambda_20,LISTED_EQUITY_PER_COMPANY_MAX_10_PT::AMEN_BANK,LISTED_EQUITY_PER_COMPANY_MAX_10_PT::AMEN_BANK,LEGAL_REGULATORY,7042403.684120648,26116404.433557004,19074000.749436356,0.0730345587883765,OK,INFO,,Contrainte testable contrôlée sur le portefeuille total.
Mean_Variance_lambda_20,LISTED_EQUITY_PER_COMPANY_MAX_10_PT::ATTIJARI_BANK,LISTED_EQUITY_PER_COMPANY_MAX_10_PT::ATTIJARI_BANK,LEGAL_REGULATORY,5382840.730799308,26116404.433557004,20733563.702757694,0.07938904360095263,OK,INFO,,Contrainte testable contrôlée sur le portefeuille total.
Mean_Variance_lambda_20,LISTED_EQUITY_PER_COMPANY_MAX_10_PT::BIAT,LISTED_EQUITY_PER_COMPANY_MAX_10_PT::BIAT,LEGAL_REGULATORY,2389637.1436681943,26116404.433557004,23726767.28988881,0.09085005307775926,OK,INFO,,Contrainte testable contrôlée sur le portefeuille total.
Mean_Variance_lambda_20,LISTED_EQUITY_PER_COMPANY_MAX_10_PT::BT,LISTED_EQUITY_PER_COMPANY_MAX_10_PT::BT,LEGAL_REGULATORY,10485778.004210379,26116404.433557004,15630626.429346625,0.05984984062072041,OK,INFO,,Contrainte testable contrôlée sur le portefeuille total.
Mean_Variance_lambda_20,LISTED_EQUITY_PER_COMPANY_MAX_10_PT::CITY_CARS,LISTED_EQUITY_PER_COMPANY_MAX_10_PT::CITY_CARS,LEGAL_REGULATORY,7468401.633260231,26116404.433557004,18648002.800296772,0.07140340795280352,OK,INFO,,Contrainte testable contrôlée sur le portefeuille total.
Mean_Variance_lambda_20,LISTED_EQUITY_PER_COMPANY_MAX_10_PT::DELICE_HOLDING,LISTED_EQUITY_PER_COMPANY_MAX_10_PT::DELICE_HOLDING,LEGAL_REGULATORY,3654255.811723973,26116404.433557004,22462148.62183303,0.08600781428002158,OK,INFO,,Contrainte testable contrôlée sur le portefeuille total.
Mean_Variance_lambda_20,LISTED_EQUITY_PER_COMPANY_MAX_10_PT::ENNAKL,LISTED_EQUITY_PER_COMPANY_MAX_10_PT::ENNAKL,LEGAL_REGULATORY,2838293.8784684194,26116404.433557004,23278110.555088583,0.08913214150252056,OK,INFO,,Contrainte testable contrôlée sur le portefeuille total.
Mean_Variance_lambda_20,LISTED_EQUITY_PER_COMPANY_MAX_10_PT::PGH,LISTED_EQUITY_PER_COMPANY_MAX_10_PT::PGH,LEGAL_REGULATORY,10008502.66906002,26116404.433557004,16107901.764496984,0.061677333131661564,OK,INFO,,Contrainte testable contrôlée sur le portefeuille total.
Mean_Variance_lambda_20,CAPITAL_SOCIAL_LIMITS,Limites en pourcentage du capital social,UNTESTED_MISSING_DATA,,,-0.0,-0.0,NOT_TESTED_DATA_MISSING,WARNING,CHECK_NOT_ENFORCED_MISSING_DATA,Contrainte non testée faute de données détaillées ; elle n’est pas assimilée à une conformité.
Mean_Variance_lambda_20,OPCVM_ENTITY_LIMITS,OPCVM par entité,UNTESTED_MISSING_DATA,,,-0.0,-0.0,NOT_TESTED_DATA_MISSING,WARNING,CHECK_NOT_ENFORCED_MISSING_DATA,Contrainte non testée faute de données détaillées ; elle n’est pas assimilée à une conformité.
Mean_Variance_lambda_20,SICAR_ENTITY_LIMITS,SICAR/SICAF par société,UNTESTED_MISSING_DATA,,,-0.0,-0.0,NOT_TESTED_DATA_MISSING,WARNING,CHECK_NOT_ENFORCED_MISSING_DATA,Contrainte non testée faute de données détaillées ; elle n’est pas assimilée à une conformité.
Mean_Variance_lambda_20,OTHER_SECURITIES_LIMITS,Autres valeurs mobilières,UNTESTED_MISSING_DATA,,,-0.0,-0.0,NOT_TESTED_DATA_MISSING,WARNING,CHECK_NOT_ENFORCED_MISSING_DATA,Contrainte non testée faute de données détaillées ; elle n’est pas assimilée à une conformité.
Mean_Variance_lambda_20,INTERNAL_NO_SHORT_SELLING,Absence de vente à découvert,INTERNAL_GOVERNANCE,0.006174363854166416,0.0,0.006174363854166416,,OK,INFO,INTERNAL_LIMIT,Contrôle interne appliqué à la poche optimisable.
Mean_Variance_lambda_20,INTERNAL_FULL_INVESTMENT,Somme des poids optimisables égale à 100%,INTERNAL_GOVERNANCE,0.9999999999999999,1.0,0.9999999999999999,,OK,INFO,INTERNAL_LIMIT,Contrôle interne appliqué à la poche optimisable.
Mean_Variance_lambda_20,INTERNAL_TURNOVER_MAX_30,Turnover maximum de gouvernance,INTERNAL_GOVERNANCE,0.29999995925021716,0.3,4.0749782825866276e-08,,OK,INFO,INTERNAL_LIMIT,"Limite interne de réallocation, non réglementaire."
Mean_Variance_lambda_20,INTERNAL_MAX_ASSET_WEIGHT,Poids maximum par actif,INTERNAL_GOVERNANCE,0.2999999992278951,0.3,7.721048800313213e-10,,OK,INFO,INTERNAL_LIMIT,"Limite interne de concentration, non réglementaire."
Max_Return,COVERAGE_GLOBAL,Couverture globale des provisions techniques,LEGAL_REGULATORY,509032582.0402451,261164044.33557004,247868537.70467508,0.9490913587866959,OK,INFO,ENFORCED,Contrainte testable contrôlée sur le portefeuille total.
Max_Return,STATE_MIN_20_PT,Titres émis ou garantis par l'État >= 20% PT,LEGAL_REGULATORY,112932320.7037451,52232808.86711401,60699511.83663109,0.23241909885052248,OK,INFO,ENFORCED,Contrainte testable contrôlée sur le portefeuille total.
Max_Return,REAL_ESTATE_TOTAL_MAX_20_PT,Immobilier total <= 20% PT,LEGAL_REGULATORY,25860875.370495003,52232808.86711401,26371933.496619005,0.10097842359468776,OK,INFO,POST_CHECK,Contrainte testable contrôlée sur le portefeuille total.
Max_Return,SICAR_TOTAL_MAX_10_PT,SICAR/SICAF total <= 10% PT,LEGAL_REGULATORY,5215648.67154,26116404.433557004,20900755.762017004,0.08002922383588759,OK,INFO,POST_CHECK,Contrainte testable contrôlée sur le portefeuille total.
Max_Return,LISTED_EQUITY_PER_COMPANY_MAX_10_PT::AMEN_BANK,LISTED_EQUITY_PER_COMPANY_MAX_10_PT::AMEN_BANK,LEGAL_REGULATORY,7042400.081513608,26116404.433557004,19074004.352043398,0.07303457258279851,OK,INFO,,Contrainte testable contrôlée sur le portefeuille total.
Max_Return,LISTED_EQUITY_PER_COMPANY_MAX_10_PT::ATTIJARI_BANK,LISTED_EQUITY_PER_COMPANY_MAX_10_PT::ATTIJARI_BANK,LEGAL_REGULATORY,5382839.368024593,26116404.433557004,20733565.06553241,0.079389048819032,OK,INFO,,Contrainte testable contrôlée sur le portefeuille total.
Max_Return,LISTED_EQUITY_PER_COMPANY_MAX_10_PT::BIAT,LISTED_EQUITY_PER_COMPANY_MAX_10_PT::BIAT,LEGAL_REGULATORY,2220000.0951427883,26116404.433557004,23896404.338414215,0.09149959520350241,OK,INFO,,Contrainte testable contrôlée sur le portefeuille total.
Max_Return,LISTED_EQUITY_PER_COMPANY_MAX_10_PT::BT,LISTED_EQUITY_PER_COMPANY_MAX_10_PT::BT,LEGAL_REGULATORY,26116404.321951106,26116404.433557004,0.11160589754581451,4.273402099808653e-10,OK,INFO,,Contrainte testable contrôlée sur le portefeuille total.
Max_Return,LISTED_EQUITY_PER_COMPANY_MAX_10_PT::CITY_CARS,LISTED_EQUITY_PER_COMPANY_MAX_10_PT::CITY_CARS,LEGAL_REGULATORY,353162.05308078864,26116404.433557004,25763242.380476214,0.0986477386120311,OK,INFO,,Contrainte testable contrôlée sur le portefeuille total.
Max_Return,LISTED_EQUITY_PER_COMPANY_MAX_10_PT::DELICE_HOLDING,LISTED_EQUITY_PER_COMPANY_MAX_10_PT::DELICE_HOLDING,LEGAL_REGULATORY,24966060.962270938,26116404.433557004,1150343.4712860659,0.0044046778116515455,OK,INFO,,Contrainte testable contrôlée sur le portefeuille total.
Max_Return,LISTED_EQUITY_PER_COMPANY_MAX_10_PT::ENNAKL,LISTED_EQUITY_PER_COMPANY_MAX_10_PT::ENNAKL,LEGAL_REGULATORY,0.07465747026343819,26116404.433557004,26116404.358899534,0.09999999971413573,OK,INFO,,Contrainte testable contrôlée sur le portefeuille total.
Max_Return,LISTED_EQUITY_PER_COMPANY_MAX_10_PT::PGH,LISTED_EQUITY_PER_COMPANY_MAX_10_PT::PGH,LEGAL_REGULATORY,14842253.738935394,26116404.433557004,11274150.69462161,0.043168847087294446,OK,INFO,,Contrainte testable contrôlée sur le portefeuille total.
Max_Return,CAPITAL_SOCIAL_LIMITS,Limites en pourcentage du capital social,UNTESTED_MISSING_DATA,,,-0.0,-0.0,NOT_TESTED_DATA_MISSING,WARNING,CHECK_NOT_ENFORCED_MISSING_DATA,Contrainte non testée faute de données détaillées ; elle n’est pas assimilée à une conformité.
Max_Return,OPCVM_ENTITY_LIMITS,OPCVM par entité,UNTESTED_MISSING_DATA,,,-0.0,-0.0,NOT_TESTED_DATA_MISSING,WARNING,CHECK_NOT_ENFORCED_MISSING_DATA,Contrainte non testée faute de données détaillées ; elle n’est pas assimilée à une conformité.
Max_Return,SICAR_ENTITY_LIMITS,SICAR/SICAF par société,UNTESTED_MISSING_DATA,,,-0.0,-0.0,NOT_TESTED_DATA_MISSING,WARNING,CHECK_NOT_ENFORCED_MISSING_DATA,Contrainte non testée faute de données détaillées ; elle n’est pas assimilée à une conformité.
Max_Return,OTHER_SECURITIES_LIMITS,Autres valeurs mobilières,UNTESTED_MISSING_DATA,,,-0.0,-0.0,NOT_TESTED_DATA_MISSING,WARNING,CHECK_NOT_ENFORCED_MISSING_DATA,Contrainte non testée faute de données détaillées ; elle n’est pas assimilée à une conformité.
Max_Return,INTERNAL_NO_SHORT_SELLING,Absence de vente à découvert,INTERNAL_GOVERNANCE,2.2564336700030075e-10,0.0,2.2564336700030075e-10,,OK,INFO,INTERNAL_LIMIT,Contrôle interne appliqué à la poche optimisable.
Max_Return,INTERNAL_FULL_INVESTMENT,Somme des poids optimisables égale à 100%,INTERNAL_GOVERNANCE,1.0,1.0,1.0,,OK,INFO,INTERNAL_LIMIT,Contrôle interne appliqué à la poche optimisable.
Max_Return,INTERNAL_TURNOVER_MAX_30,Turnover maximum de gouvernance,INTERNAL_GOVERNANCE,0.2999999944119817,0.3,5.588018270330508e-09,,OK,INFO,INTERNAL_LIMIT,"Limite interne de réallocation, non réglementaire."
Max_Return,INTERNAL_MAX_ASSET_WEIGHT,Poids maximum par actif,INTERNAL_GOVERNANCE,0.29999999972297353,0.3,2.770264573292991e-10,,OK,INFO,INTERNAL_LIMIT,"Limite interne de concentration, non réglementaire."
MeanVariance_TurnoverPenalty,COVERAGE_GLOBAL,Couverture globale des provisions techniques,LEGAL_REGULATORY,509032582.0402451,261164044.33557004,247868537.70467508,0.9490913587866959,OK,INFO,ENFORCED,Contrainte testable contrôlée sur le portefeuille total.
MeanVariance_TurnoverPenalty,STATE_MIN_20_PT,Titres émis ou garantis par l'État >= 20% PT,LEGAL_REGULATORY,114927783.47550035,52232808.86711401,62694974.60838634,0.24005974776462521,OK,INFO,ENFORCED,Contrainte testable contrôlée sur le portefeuille total.
MeanVariance_TurnoverPenalty,REAL_ESTATE_TOTAL_MAX_20_PT,Immobilier total <= 20% PT,LEGAL_REGULATORY,25860875.370495003,52232808.86711401,26371933.496619005,0.10097842359468776,OK,INFO,POST_CHECK,Contrainte testable contrôlée sur le portefeuille total.
MeanVariance_TurnoverPenalty,SICAR_TOTAL_MAX_10_PT,SICAR/SICAF total <= 10% PT,LEGAL_REGULATORY,5215648.67154,26116404.433557004,20900755.762017004,0.08002922383588759,OK,INFO,POST_CHECK,Contrainte testable contrôlée sur le portefeuille total.
MeanVariance_TurnoverPenalty,LISTED_EQUITY_PER_COMPANY_MAX_10_PT::AMEN_BANK,LISTED_EQUITY_PER_COMPANY_MAX_10_PT::AMEN_BANK,LEGAL_REGULATORY,7042400.014191866,26116404.433557004,19074004.419365138,0.0730345728405742,OK,INFO,,Contrainte testable contrôlée sur le portefeuille total.
MeanVariance_TurnoverPenalty,LISTED_EQUITY_PER_COMPANY_MAX_10_PT::ATTIJARI_BANK,LISTED_EQUITY_PER_COMPANY_MAX_10_PT::ATTIJARI_BANK,LEGAL_REGULATORY,5382839.013219486,26116404.433557004,20733565.420337517,0.07938905017758467,OK,INFO,,Contrainte testable contrôlée sur le portefeuille total.
MeanVariance_TurnoverPenalty,LISTED_EQUITY_PER_COMPANY_MAX_10_PT::BIAT,LISTED_EQUITY_PER_COMPANY_MAX_10_PT::BIAT,LEGAL_REGULATORY,2220000.0087921876,26116404.433557004,23896404.424764816,0.0914995955341398,OK,INFO,,Contrainte testable contrôlée sur le portefeuille total.
MeanVariance_TurnoverPenalty,LISTED_EQUITY_PER_COMPANY_MAX_10_PT::BT,LISTED_EQUITY_PER_COMPANY_MAX_10_PT::BT,LEGAL_REGULATORY,26116404.23924761,26116404.433557004,0.19430939480662346,7.440128111852758e-10,OK,INFO,,Contrainte testable contrôlée sur le portefeuille total.
MeanVariance_TurnoverPenalty,LISTED_EQUITY_PER_COMPANY_MAX_10_PT::CITY_CARS,LISTED_EQUITY_PER_COMPANY_MAX_10_PT::CITY_CARS,LEGAL_REGULATORY,7068327.654106869,26116404.433557004,19048076.779450133,0.07293529562199318,OK,INFO,,Contrainte testable contrôlée sur le portefeuille total.
MeanVariance_TurnoverPenalty,LISTED_EQUITY_PER_COMPANY_MAX_10_PT::DELICE_HOLDING,LISTED_EQUITY_PER_COMPANY_MAX_10_PT::DELICE_HOLDING,LEGAL_REGULATORY,7255431.972783048,26116404.433557004,18860972.460773956,0.0722188711266068,OK,INFO,,Contrainte testable contrôlée sur le portefeuille total.
MeanVariance_TurnoverPenalty,LISTED_EQUITY_PER_COMPANY_MAX_10_PT::ENNAKL,LISTED_EQUITY_PER_COMPANY_MAX_10_PT::ENNAKL,LEGAL_REGULATORY,9000000.34424138,26116404.433557004,17116404.089315623,0.06553889963245757,OK,INFO,,Contrainte testable contrôlée sur le portefeuille total.
MeanVariance_TurnoverPenalty,LISTED_EQUITY_PER_COMPANY_MAX_10_PT::PGH,LISTED_EQUITY_PER_COMPANY_MAX_10_PT::PGH,LEGAL_REGULATORY,14842254.00046843,26116404.433557004,11274150.433088575,0.043168846085881576,OK,INFO,,Contrainte testable contrôlée sur le portefeuille total.
MeanVariance_TurnoverPenalty,CAPITAL_SOCIAL_LIMITS,Limites en pourcentage du capital social,UNTESTED_MISSING_DATA,,,-0.0,-0.0,NOT_TESTED_DATA_MISSING,WARNING,CHECK_NOT_ENFORCED_MISSING_DATA,Contrainte non testée faute de données détaillées ; elle n’est pas assimilée à une conformité.
MeanVariance_TurnoverPenalty,OPCVM_ENTITY_LIMITS,OPCVM par entité,UNTESTED_MISSING_DATA,,,-0.0,-0.0,NOT_TESTED_DATA_MISSING,WARNING,CHECK_NOT_ENFORCED_MISSING_DATA,Contrainte non testée faute de données détaillées ; elle n’est pas assimilée à une conformité.
MeanVariance_TurnoverPenalty,SICAR_ENTITY_LIMITS,SICAR/SICAF par société,UNTESTED_MISSING_DATA,,,-0.0,-0.0,NOT_TESTED_DATA_MISSING,WARNING,CHECK_NOT_ENFORCED_MISSING_DATA,Contrainte non testée faute de données détaillées ; elle n’est pas assimilée à une conformité.
MeanVariance_TurnoverPenalty,OTHER_SECURITIES_LIMITS,Autres valeurs mobilières,UNTESTED_MISSING_DATA,,,-0.0,-0.0,NOT_TESTED_DATA_MISSING,WARNING,CHECK_NOT_ENFORCED_MISSING_DATA,Contrainte non testée faute de données détaillées ; elle n’est pas assimilée à une conformité.
MeanVariance_TurnoverPenalty,INTERNAL_NO_SHORT_SELLING,Absence de vente à découvert,INTERNAL_GOVERNANCE,0.006174350502101875,0.0,0.006174350502101875,,OK,INFO,INTERNAL_LIMIT,Contrôle interne appliqué à la poche optimisable.
MeanVariance_TurnoverPenalty,INTERNAL_FULL_INVESTMENT,Somme des poids optimisables égale à 100%,INTERNAL_GOVERNANCE,1.0,1.0,1.0,,OK,INFO,INTERNAL_LIMIT,Contrôle interne appliqué à la poche optimisable.
MeanVariance_TurnoverPenalty,INTERNAL_TURNOVER_MAX_30,Turnover maximum de gouvernance,INTERNAL_GOVERNANCE,0.2335350181968292,0.3,0.06646498180317079,,OK,INFO,INTERNAL_LIMIT,"Limite interne de réallocation, non réglementaire."
MeanVariance_TurnoverPenalty,INTERNAL_MAX_ASSET_WEIGHT,Poids maximum par actif,INTERNAL_GOVERNANCE,0.30000000004719996,0.3,-4.7199966157762674e-11,,OK,INFO,INTERNAL_LIMIT,"Limite interne de concentration, non réglementaire."
Mean_CVaR_95,COVERAGE_GLOBAL,Couverture globale des provisions techniques,LEGAL_REGULATORY,509032582.0402451,261164044.33557004,247868537.70467508,0.9490913587866959,OK,INFO,ENFORCED,Contrainte testable contrôlée sur le portefeuille total.
Mean_CVaR_95,STATE_MIN_20_PT,Titres émis ou garantis par l'État >= 20% PT,LEGAL_REGULATORY,114927786.11294213,52232808.86711401,62694977.24582812,0.24005975786341882,OK,INFO,ENFORCED,Contrainte testable contrôlée sur le portefeuille total.
Mean_CVaR_95,REAL_ESTATE_TOTAL_MAX_20_PT,Immobilier total <= 20% PT,LEGAL_REGULATORY,25860875.370495003,52232808.86711401,26371933.496619005,0.10097842359468776,OK,INFO,POST_CHECK,Contrainte testable contrôlée sur le portefeuille total.
Mean_CVaR_95,SICAR_TOTAL_MAX_10_PT,SICAR/SICAF total <= 10% PT,LEGAL_REGULATORY,5215648.67154,26116404.433557004,20900755.762017004,0.08002922383588759,OK,INFO,POST_CHECK,Contrainte testable contrôlée sur le portefeuille total.
Mean_CVaR_95,LISTED_EQUITY_PER_COMPANY_MAX_10_PT::AMEN_BANK,LISTED_EQUITY_PER_COMPANY_MAX_10_PT::AMEN_BANK,LEGAL_REGULATORY,7042399.4256453095,26116404.433557004,19074005.007911693,0.07303457509412543,OK,INFO,,Contrainte testable contrôlée sur le portefeuille total.
Mean_CVaR_95,LISTED_EQUITY_PER_COMPANY_MAX_10_PT::ATTIJARI_BANK,LISTED_EQUITY_PER_COMPANY_MAX_10_PT::ATTIJARI_BANK,LEGAL_REGULATORY,5382838.848025323,26116404.433557004,20733565.58553168,0.07938905081011495,OK,INFO,,Contrainte testable contrôlée sur le portefeuille total.
Mean_CVaR_95,LISTED_EQUITY_PER_COMPANY_MAX_10_PT::BIAT,LISTED_EQUITY_PER_COMPANY_MAX_10_PT::BIAT,LEGAL_REGULATORY,2219999.9488419453,26116404.433557004,23896404.48471506,0.09149959576368995,OK,INFO,,Contrainte testable contrôlée sur le portefeuille total.
Mean_CVaR_95,LISTED_EQUITY_PER_COMPANY_MAX_10_PT::BT,LISTED_EQUITY_PER_COMPANY_MAX_10_PT::BT,LEGAL_REGULATORY,2630638.9142917376,26116404.433557004,23485765.519265264,0.08992725464569837,OK,INFO,,Contrainte testable contrôlée sur le portefeuille total.
Mean_CVaR_95,LISTED_EQUITY_PER_COMPANY_MAX_10_PT::CITY_CARS,LISTED_EQUITY_PER_COMPANY_MAX_10_PT::CITY_CARS,LEGAL_REGULATORY,5742080.970519075,26116404.433557004,20374323.46303793,0.07801350876944965,OK,INFO,,Contrainte testable contrôlée sur le portefeuille total.
Mean_CVaR_95,LISTED_EQUITY_PER_COMPANY_MAX_10_PT::DELICE_HOLDING,LISTED_EQUITY_PER_COMPANY_MAX_10_PT::DELICE_HOLDING,LEGAL_REGULATORY,1407931.8983971968,26116404.433557004,24708472.535159808,0.09460901326605227,OK,INFO,,Contrainte testable contrôlée sur le portefeuille total.
Mean_CVaR_95,LISTED_EQUITY_PER_COMPANY_MAX_10_PT::ENNAKL,LISTED_EQUITY_PER_COMPANY_MAX_10_PT::ENNAKL,LEGAL_REGULATORY,670651.4620253922,26116404.433557004,25445752.97153161,0.0974320681710547,OK,INFO,,Contrainte testable contrôlée sur le portefeuille total.
Mean_CVaR_95,LISTED_EQUITY_PER_COMPANY_MAX_10_PT::PGH,LISTED_EQUITY_PER_COMPANY_MAX_10_PT::PGH,LEGAL_REGULATORY,12176140.949813426,26116404.433557004,13940263.483743578,0.053377422298728515,OK,INFO,,Contrainte testable contrôlée sur le portefeuille total.
Mean_CVaR_95,CAPITAL_SOCIAL_LIMITS,Limites en pourcentage du capital social,UNTESTED_MISSING_DATA,,,-0.0,-0.0,NOT_TESTED_DATA_MISSING,WARNING,CHECK_NOT_ENFORCED_MISSING_DATA,Contrainte non testée faute de données détaillées ; elle n’est pas assimilée à une conformité.
Mean_CVaR_95,OPCVM_ENTITY_LIMITS,OPCVM par entité,UNTESTED_MISSING_DATA,,,-0.0,-0.0,NOT_TESTED_DATA_MISSING,WARNING,CHECK_NOT_ENFORCED_MISSING_DATA,Contrainte non testée faute de données détaillées ; elle n’est pas assimilée à une conformité.
Mean_CVaR_95,SICAR_ENTITY_LIMITS,SICAR/SICAF par société,UNTESTED_MISSING_DATA,,,-0.0,-0.0,NOT_TESTED_DATA_MISSING,WARNING,CHECK_NOT_ENFORCED_MISSING_DATA,Contrainte non testée faute de données détaillées ; elle n’est pas assimilée à une conformité.
Mean_CVaR_95,OTHER_SECURITIES_LIMITS,Autres valeurs mobilières,UNTESTED_MISSING_DATA,,,-0.0,-0.0,NOT_TESTED_DATA_MISSING,WARNING,CHECK_NOT_ENFORCED_MISSING_DATA,Contrainte non testée faute de données détaillées ; elle n’est pas assimilée à une conformité.
Mean_CVaR_95,INTERNAL_NO_SHORT_SELLING,Absence de vente à découvert,INTERNAL_GOVERNANCE,0.0020269646619568535,0.0,0.0020269646619568535,,OK,INFO,INTERNAL_LIMIT,Contrôle interne appliqué à la poche optimisable.
Mean_CVaR_95,INTERNAL_FULL_INVESTMENT,Somme des poids optimisables égale à 100%,INTERNAL_GOVERNANCE,1.0,1.0,1.0,,OK,INFO,INTERNAL_LIMIT,Contrôle interne appliqué à la poche optimisable.
Mean_CVaR_95,INTERNAL_TURNOVER_MAX_30,Turnover maximum de gouvernance,INTERNAL_GOVERNANCE,0.2999999876666527,0.3,1.2333347287896146e-08,,OK,INFO,INTERNAL_LIMIT,"Limite interne de réallocation, non réglementaire."
Mean_CVaR_95,INTERNAL_MAX_ASSET_WEIGHT,Poids maximum par actif,INTERNAL_GOVERNANCE,0.2999999997785018,0.3,2.2149820866346204e-10,,OK,INFO,INTERNAL_LIMIT,"Limite interne de concentration, non réglementaire."
Max_Sharpe,COVERAGE_GLOBAL,Couverture globale des provisions techniques,LEGAL_REGULATORY,509032582.0402451,261164044.33557004,247868537.70467508,0.9490913587866959,OK,INFO,ENFORCED,Contrainte testable contrôlée sur le portefeuille total.
Max_Sharpe,STATE_MIN_20_PT,Titres émis ou garantis par l'État >= 20% PT,LEGAL_REGULATORY,114927972.90360282,52232808.86711401,62695164.036488816,0.24006047308691433,OK,INFO,ENFORCED,Contrainte testable contrôlée sur le portefeuille total.
Max_Sharpe,REAL_ESTATE_TOTAL_MAX_20_PT,Immobilier total <= 20% PT,LEGAL_REGULATORY,25860875.370495003,52232808.86711401,26371933.496619005,0.10097842359468776,OK,INFO,POST_CHECK,Contrainte testable contrôlée sur le portefeuille total.
Max_Sharpe,SICAR_TOTAL_MAX_10_PT,SICAR/SICAF total <= 10% PT,LEGAL_REGULATORY,5215648.67154,26116404.433557004,20900755.762017004,0.08002922383588759,OK,INFO,POST_CHECK,Contrainte testable contrôlée sur le portefeuille total.
Max_Sharpe,LISTED_EQUITY_PER_COMPANY_MAX_10_PT::AMEN_BANK,LISTED_EQUITY_PER_COMPANY_MAX_10_PT::AMEN_BANK,LEGAL_REGULATORY,7042396.852808489,26116404.433557004,19074007.580748513,0.07303458494554593,OK,INFO,,Contrainte testable contrôlée sur le portefeuille total.
Max_Sharpe,LISTED_EQUITY_PER_COMPANY_MAX_10_PT::ATTIJARI_BANK,LISTED_EQUITY_PER_COMPANY_MAX_10_PT::ATTIJARI_BANK,LEGAL_REGULATORY,5382835.347076092,26116404.433557004,20733569.08648091,0.07938906421528807,OK,INFO,,Contrainte testable contrôlée sur le portefeuille total.
Max_Sharpe,LISTED_EQUITY_PER_COMPANY_MAX_10_PT::BIAT,LISTED_EQUITY_PER_COMPANY_MAX_10_PT::BIAT,LEGAL_REGULATORY,2219998.67572114,26116404.433557004,23896405.757835865,0.09149960063848353,OK,INFO,,Contrainte testable contrôlée sur le portefeuille total.
Max_Sharpe,LISTED_EQUITY_PER_COMPANY_MAX_10_PT::BT,LISTED_EQUITY_PER_COMPANY_MAX_10_PT::BT,LEGAL_REGULATORY,44798.662204346154,26116404.433557004,26071605.771352656,0.09982846542938818,OK,INFO,,Contrainte testable contrôlée sur le portefeuille total.
Max_Sharpe,LISTED_EQUITY_PER_COMPANY_MAX_10_PT::CITY_CARS,LISTED_EQUITY_PER_COMPANY_MAX_10_PT::CITY_CARS,LEGAL_REGULATORY,353160.48736778845,26116404.433557004,25763243.946189214,0.0986477446071634,OK,INFO,,Contrainte testable contrôlée sur le portefeuille total.
Max_Sharpe,LISTED_EQUITY_PER_COMPANY_MAX_10_PT::DELICE_HOLDING,LISTED_EQUITY_PER_COMPANY_MAX_10_PT::DELICE_HOLDING,LEGAL_REGULATORY,1407929.8739674045,26116404.433557004,24708474.5595896,0.09460902101761622,OK,INFO,,Contrainte testable contrôlée sur le portefeuille total.
Max_Sharpe,LISTED_EQUITY_PER_COMPANY_MAX_10_PT::ENNAKL,LISTED_EQUITY_PER_COMPANY_MAX_10_PT::ENNAKL,LEGAL_REGULATORY,8341405.382544575,26116404.433557004,17774999.051012427,0.06806066698895698,OK,INFO,,Contrainte testable contrôlée sur le portefeuille total.
Max_Sharpe,LISTED_EQUITY_PER_COMPANY_MAX_10_PT::PGH,LISTED_EQUITY_PER_COMPANY_MAX_10_PT::PGH,LEGAL_REGULATORY,4505397.306419481,26116404.433557004,21611007.127137523,0.08274878412960059,OK,INFO,,Contrainte testable contrôlée sur le portefeuille total.
Max_Sharpe,CAPITAL_SOCIAL_LIMITS,Limites en pourcentage du capital social,UNTESTED_MISSING_DATA,,,-0.0,-0.0,NOT_TESTED_DATA_MISSING,WARNING,CHECK_NOT_ENFORCED_MISSING_DATA,Contrainte non testée faute de données détaillées ; elle n’est pas assimilée à une conformité.
Max_Sharpe,OPCVM_ENTITY_LIMITS,OPCVM par entité,UNTESTED_MISSING_DATA,,,-0.0,-0.0,NOT_TESTED_DATA_MISSING,WARNING,CHECK_NOT_ENFORCED_MISSING_DATA,Contrainte non testée faute de données détaillées ; elle n’est pas assimilée à une conformité.
Max_Sharpe,SICAR_ENTITY_LIMITS,SICAR/SICAF par société,UNTESTED_MISSING_DATA,,,-0.0,-0.0,NOT_TESTED_DATA_MISSING,WARNING,CHECK_NOT_ENFORCED_MISSING_DATA,Contrainte non testée faute de données détaillées ; elle n’est pas assimilée à une conformité.
Max_Sharpe,OTHER_SECURITIES_LIMITS,Autres valeurs mobilières,UNTESTED_MISSING_DATA,,,-0.0,-0.0,NOT_TESTED_DATA_MISSING,WARNING,CHECK_NOT_ENFORCED_MISSING_DATA,Contrainte non testée faute de données détaillées ; elle n’est pas assimilée à une conformité.
Max_Sharpe,INTERNAL_NO_SHORT_SELLING,Absence de vente à découvert,INTERNAL_GOVERNANCE,0.00013539865389529816,0.0,0.00013539865389529816,,OK,INFO,INTERNAL_LIMIT,Contrôle interne appliqué à la poche optimisable.
Max_Sharpe,INTERNAL_FULL_INVESTMENT,Somme des poids optimisables égale à 100%,INTERNAL_GOVERNANCE,1.0000000000000002,1.0,0.9999999999999998,,OK,INFO,INTERNAL_LIMIT,Contrôle interne appliqué à la poche optimisable.
Max_Sharpe,INTERNAL_TURNOVER_MAX_30,Turnover maximum de gouvernance,INTERNAL_GOVERNANCE,0.29999999950410816,0.3,4.958918276010138e-10,,OK,INFO,INTERNAL_LIMIT,"Limite interne de réallocation, non réglementaire."
Max_Sharpe,INTERNAL_MAX_ASSET_WEIGHT,Poids maximum par actif,INTERNAL_GOVERNANCE,0.3000000000108762,0.3,-1.0876188838437884e-11,,OK,INFO,INTERNAL_LIMIT,"Limite interne de concentration, non réglementaire."
Risk_Parity,COVERAGE_GLOBAL,Couverture globale des provisions techniques,LEGAL_REGULATORY,509032582.0402451,261164044.33557004,247868537.70467508,0.9490913587866959,OK,INFO,ENFORCED,Contrainte testable contrôlée sur le portefeuille total.
Risk_Parity,STATE_MIN_20_PT,Titres émis ou garantis par l'État >= 20% PT,LEGAL_REGULATORY,139097058.72497693,52232808.86711401,86864249.85786292,0.33260416868966436,OK,INFO,ENFORCED,Contrainte testable contrôlée sur le portefeuille total.
Risk_Parity,REAL_ESTATE_TOTAL_MAX_20_PT,Immobilier total <= 20% PT,LEGAL_REGULATORY,25860875.370495003,52232808.86711401,26371933.496619005,0.10097842359468776,OK,INFO,POST_CHECK,Contrainte testable contrôlée sur le portefeuille total.
Risk_Parity,SICAR_TOTAL_MAX_10_PT,SICAR/SICAF total <= 10% PT,LEGAL_REGULATORY,5215648.67154,26116404.433557004,20900755.762017004,0.08002922383588759,OK,INFO,POST_CHECK,Contrainte testable contrôlée sur le portefeuille total.
Risk_Parity,LISTED_EQUITY_PER_COMPANY_MAX_10_PT::AMEN_BANK,LISTED_EQUITY_PER_COMPANY_MAX_10_PT::AMEN_BANK,LEGAL_REGULATORY,7056423.679295708,26116404.433557004,19059980.754261296,0.07298087607255423,OK,INFO,,Contrainte testable contrôlée sur le portefeuille total.
Risk_Parity,LISTED_EQUITY_PER_COMPANY_MAX_10_PT::ATTIJARI_BANK,LISTED_EQUITY_PER_COMPANY_MAX_10_PT::ATTIJARI_BANK,LEGAL_REGULATORY,5295532.199877898,26116404.433557004,20820872.233679105,0.07972334892672414,OK,INFO,,Contrainte testable contrôlée sur le portefeuille total.
Risk_Parity,LISTED_EQUITY_PER_COMPANY_MAX_10_PT::BIAT,LISTED_EQUITY_PER_COMPANY_MAX_10_PT::BIAT,LEGAL_REGULATORY,4483056.115002028,26116404.433557004,21633348.318554975,0.08283432879741384,OK,INFO,,Contrainte testable contrôlée sur le portefeuille total.
Risk_Parity,LISTED_EQUITY_PER_COMPANY_MAX_10_PT::BT,LISTED_EQUITY_PER_COMPANY_MAX_10_PT::BT,LEGAL_REGULATORY,2643474.2437242577,26116404.433557004,23472930.189832747,0.08987810802804212,OK,INFO,,Contrainte testable contrôlée sur le portefeuille total.
Risk_Parity,LISTED_EQUITY_PER_COMPANY_MAX_10_PT::CITY_CARS,LISTED_EQUITY_PER_COMPANY_MAX_10_PT::CITY_CARS,LEGAL_REGULATORY,4626090.380427217,26116404.433557004,21490314.053129785,0.08228664902093816,OK,INFO,,Contrainte testable contrôlée sur le portefeuille total.
Risk_Parity,LISTED_EQUITY_PER_COMPANY_MAX_10_PT::DELICE_HOLDING,LISTED_EQUITY_PER_COMPANY_MAX_10_PT::DELICE_HOLDING,LEGAL_REGULATORY,2926384.5720238746,26116404.433557004,23190019.861533128,0.0887948412674152,OK,INFO,,Contrainte testable contrôlée sur le portefeuille total.
Risk_Parity,LISTED_EQUITY_PER_COMPANY_MAX_10_PT::ENNAKL,LISTED_EQUITY_PER_COMPANY_MAX_10_PT::ENNAKL,LEGAL_REGULATORY,8062584.406331321,26116404.433557004,18053820.02722568,0.06912827557543987,OK,INFO,,Contrainte testable contrôlée sur le portefeuille total.
Risk_Parity,LISTED_EQUITY_PER_COMPANY_MAX_10_PT::PGH,LISTED_EQUITY_PER_COMPANY_MAX_10_PT::PGH,LEGAL_REGULATORY,4875628.918760648,26116404.433557004,21240775.514796354,0.08133116321136478,OK,INFO,,Contrainte testable contrôlée sur le portefeuille total.
Risk_Parity,CAPITAL_SOCIAL_LIMITS,Limites en pourcentage du capital social,UNTESTED_MISSING_DATA,,,-0.0,-0.0,NOT_TESTED_DATA_MISSING,WARNING,CHECK_NOT_ENFORCED_MISSING_DATA,Contrainte non testée faute de données détaillées ; elle n’est pas assimilée à une conformité.
Risk_Parity,OPCVM_ENTITY_LIMITS,OPCVM par entité,UNTESTED_MISSING_DATA,,,-0.0,-0.0,NOT_TESTED_DATA_MISSING,WARNING,CHECK_NOT_ENFORCED_MISSING_DATA,Contrainte non testée faute de données détaillées ; elle n’est pas assimilée à une conformité.
Risk_Parity,SICAR_ENTITY_LIMITS,SICAR/SICAF par société,UNTESTED_MISSING_DATA,,,-0.0,-0.0,NOT_TESTED_DATA_MISSING,WARNING,CHECK_NOT_ENFORCED_MISSING_DATA,Contrainte non testée faute de données détaillées ; elle n’est pas assimilée à une conformité.
Risk_Parity,OTHER_SECURITIES_LIMITS,Autres valeurs mobilières,UNTESTED_MISSING_DATA,,,-0.0,-0.0,NOT_TESTED_DATA_MISSING,WARNING,CHECK_NOT_ENFORCED_MISSING_DATA,Contrainte non testée faute de données détaillées ; elle n’est pas assimilée à une conformité.
Risk_Parity,INTERNAL_NO_SHORT_SELLING,Absence de vente à découvert,INTERNAL_GOVERNANCE,0.00634957843259697,0.0,0.00634957843259697,,OK,INFO,INTERNAL_LIMIT,Contrôle interne appliqué à la poche optimisable.
Risk_Parity,INTERNAL_FULL_INVESTMENT,Somme des poids optimisables égale à 100%,INTERNAL_GOVERNANCE,1.0,1.0,1.0,,OK,INFO,INTERNAL_LIMIT,Contrôle interne appliqué à la poche optimisable.
Risk_Parity,INTERNAL_TURNOVER_MAX_30,Turnover maximum de gouvernance,INTERNAL_GOVERNANCE,0.29999999999999993,0.3,5.551115123125783e-17,,OK,INFO,INTERNAL_LIMIT,"Limite interne de réallocation, non réglementaire."
Risk_Parity,INTERNAL_MAX_ASSET_WEIGHT,Poids maximum par actif,INTERNAL_GOVERNANCE,0.3,0.3,0.0,,OK,INFO,INTERNAL_LIMIT,"Limite interne de concentration, non réglementaire."
Monte_Carlo_Max_Sharpe,COVERAGE_GLOBAL,Couverture globale des provisions techniques,LEGAL_REGULATORY,509032582.0402451,261164044.33557004,247868537.70467508,0.9490913587866959,OK,INFO,ENFORCED,Contrainte testable contrôlée sur le portefeuille total.
Monte_Carlo_Max_Sharpe,STATE_MIN_20_PT,Titres émis ou garantis par l'État >= 20% PT,LEGAL_REGULATORY,137826021.2665306,52232808.86711401,85593212.3994166,0.32773735227287937,OK,INFO,ENFORCED,Contrainte testable contrôlée sur le portefeuille total.
Monte_Carlo_Max_Sharpe,REAL_ESTATE_TOTAL_MAX_20_PT,Immobilier total <= 20% PT,LEGAL_REGULATORY,25860875.370495003,52232808.86711401,26371933.496619005,0.10097842359468776,OK,INFO,POST_CHECK,Contrainte testable contrôlée sur le portefeuille total.
Monte_Carlo_Max_Sharpe,SICAR_TOTAL_MAX_10_PT,SICAR/SICAF total <= 10% PT,LEGAL_REGULATORY,5215648.67154,26116404.433557004,20900755.762017004,0.08002922383588759,OK,INFO,POST_CHECK,Contrainte testable contrôlée sur le portefeuille total.
Monte_Carlo_Max_Sharpe,LISTED_EQUITY_PER_COMPANY_MAX_10_PT::AMEN_BANK,LISTED_EQUITY_PER_COMPANY_MAX_10_PT::AMEN_BANK,LEGAL_REGULATORY,7589034.004393961,26116404.433557004,18527370.429163042,0.07094150527611373,OK,INFO,,Contrainte testable contrôlée sur le portefeuille total.
Monte_Carlo_Max_Sharpe,LISTED_EQUITY_PER_COMPANY_MAX_10_PT::ATTIJARI_BANK,LISTED_EQUITY_PER_COMPANY_MAX_10_PT::ATTIJARI_BANK,LEGAL_REGULATORY,7264901.904726477,26116404.433557004,18851502.52883053,0.07218261065297414,OK,INFO,,Contrainte testable contrôlée sur le portefeuille total.
Monte_Carlo_Max_Sharpe,LISTED_EQUITY_PER_COMPANY_MAX_10_PT::BIAT,LISTED_EQUITY_PER_COMPANY_MAX_10_PT::BIAT,LEGAL_REGULATORY,2783944.2925216495,26116404.433557004,23332460.141035356,0.08934024666525475,OK,INFO,,Contrainte testable contrôlée sur le portefeuille total.
Monte_Carlo_Max_Sharpe,LISTED_EQUITY_PER_COMPANY_MAX_10_PT::BT,LISTED_EQUITY_PER_COMPANY_MAX_10_PT::BT,LEGAL_REGULATORY,3301657.872299716,26116404.433557004,22814746.561257288,0.08735791567059127,OK,INFO,,Contrainte testable contrôlée sur le portefeuille total.
Monte_Carlo_Max_Sharpe,LISTED_EQUITY_PER_COMPANY_MAX_10_PT::CITY_CARS,LISTED_EQUITY_PER_COMPANY_MAX_10_PT::CITY_CARS,LEGAL_REGULATORY,1384415.2259011245,26116404.433557004,24731989.20765588,0.09469905886385231,OK,INFO,,Contrainte testable contrôlée sur le portefeuille total.
Monte_Carlo_Max_Sharpe,LISTED_EQUITY_PER_COMPANY_MAX_10_PT::DELICE_HOLDING,LISTED_EQUITY_PER_COMPANY_MAX_10_PT::DELICE_HOLDING,LEGAL_REGULATORY,2044009.706331556,26116404.433557004,24072394.72722545,0.09217346433912164,OK,INFO,,Contrainte testable contrôlée sur le portefeuille total.
Monte_Carlo_Max_Sharpe,LISTED_EQUITY_PER_COMPANY_MAX_10_PT::ENNAKL,LISTED_EQUITY_PER_COMPANY_MAX_10_PT::ENNAKL,LEGAL_REGULATORY,8617031.21807138,26116404.433557004,17499373.215485625,0.0670052926313266,OK,INFO,,Contrainte testable contrôlée sur le portefeuille total.
Monte_Carlo_Max_Sharpe,LISTED_EQUITY_PER_COMPANY_MAX_10_PT::PGH,LISTED_EQUITY_PER_COMPANY_MAX_10_PT::PGH,LEGAL_REGULATORY,10072368.13004497,26116404.433557004,16044036.303512033,0.06143279157867929,OK,INFO,,Contrainte testable contrôlée sur le portefeuille total.
Monte_Carlo_Max_Sharpe,CAPITAL_SOCIAL_LIMITS,Limites en pourcentage du capital social,UNTESTED_MISSING_DATA,,,-0.0,-0.0,NOT_TESTED_DATA_MISSING,WARNING,CHECK_NOT_ENFORCED_MISSING_DATA,Contrainte non testée faute de données détaillées ; elle n’est pas assimilée à une conformité.
Monte_Carlo_Max_Sharpe,OPCVM_ENTITY_LIMITS,OPCVM par entité,UNTESTED_MISSING_DATA,,,-0.0,-0.0,NOT_TESTED_DATA_MISSING,WARNING,CHECK_NOT_ENFORCED_MISSING_DATA,Contrainte non testée faute de données détaillées ; elle n’est pas assimilée à une conformité.
Monte_Carlo_Max_Sharpe,SICAR_ENTITY_LIMITS,SICAR/SICAF par société,UNTESTED_MISSING_DATA,,,-0.0,-0.0,NOT_TESTED_DATA_MISSING,WARNING,CHECK_NOT_ENFORCED_MISSING_DATA,Contrainte non testée faute de données détaillées ; elle n’est pas assimilée à une conformité.
Monte_Carlo_Max_Sharpe,OTHER_SECURITIES_LIMITS,Autres valeurs mobilières,UNTESTED_MISSING_DATA,,,-0.0,-0.0,NOT_TESTED_DATA_MISSING,WARNING,CHECK_NOT_ENFORCED_MISSING_DATA,Contrainte non testée faute de données détaillées ; elle n’est pas assimilée à une conformité.
Monte_Carlo_Max_Sharpe,INTERNAL_NO_SHORT_SELLING,Absence de vente à découvert,INTERNAL_GOVERNANCE,0.004184231153245957,0.0,0.004184231153245957,,OK,INFO,INTERNAL_LIMIT,Contrôle interne appliqué à la poche optimisable.
Monte_Carlo_Max_Sharpe,INTERNAL_FULL_INVESTMENT,Somme des poids optimisables égale à 100%,INTERNAL_GOVERNANCE,1.0,1.0,1.0,,OK,INFO,INTERNAL_LIMIT,Contrôle interne appliqué à la poche optimisable.
Monte_Carlo_Max_Sharpe,INTERNAL_TURNOVER_MAX_30,Turnover maximum de gouvernance,INTERNAL_GOVERNANCE,0.26626571333096516,0.3,0.03373428666903483,,OK,INFO,INTERNAL_LIMIT,"Limite interne de réallocation, non réglementaire."
Monte_Carlo_Max_Sharpe,INTERNAL_MAX_ASSET_WEIGHT,Poids maximum par actif,INTERNAL_GOVERNANCE,0.2992085467855138,0.3,0.0007914532144862041,,OK,INFO,INTERNAL_LIMIT,"Limite interne de concentration, non réglementaire."
Monte_Carlo_Min_Volatility,COVERAGE_GLOBAL,Couverture globale des provisions techniques,LEGAL_REGULATORY,509032582.0402451,261164044.33557004,247868537.70467508,0.9490913587866959,OK,INFO,ENFORCED,Contrainte testable contrôlée sur le portefeuille total.
Monte_Carlo_Min_Volatility,STATE_MIN_20_PT,Titres émis ou garantis par l'État >= 20% PT,LEGAL_REGULATORY,137826021.2665306,52232808.86711401,85593212.3994166,0.32773735227287937,OK,INFO,ENFORCED,Contrainte testable contrôlée sur le portefeuille total.
Monte_Carlo_Min_Volatility,REAL_ESTATE_TOTAL_MAX_20_PT,Immobilier total <= 20% PT,LEGAL_REGULATORY,25860875.370495003,52232808.86711401,26371933.496619005,0.10097842359468776,OK,INFO,POST_CHECK,Contrainte testable contrôlée sur le portefeuille total.
Monte_Carlo_Min_Volatility,SICAR_TOTAL_MAX_10_PT,SICAR/SICAF total <= 10% PT,LEGAL_REGULATORY,5215648.67154,26116404.433557004,20900755.762017004,0.08002922383588759,OK,INFO,POST_CHECK,Contrainte testable contrôlée sur le portefeuille total.
Monte_Carlo_Min_Volatility,LISTED_EQUITY_PER_COMPANY_MAX_10_PT::AMEN_BANK,LISTED_EQUITY_PER_COMPANY_MAX_10_PT::AMEN_BANK,LEGAL_REGULATORY,7589034.004393961,26116404.433557004,18527370.429163042,0.07094150527611373,OK,INFO,,Contrainte testable contrôlée sur le portefeuille total.
Monte_Carlo_Min_Volatility,LISTED_EQUITY_PER_COMPANY_MAX_10_PT::ATTIJARI_BANK,LISTED_EQUITY_PER_COMPANY_MAX_10_PT::ATTIJARI_BANK,LEGAL_REGULATORY,7264901.904726477,26116404.433557004,18851502.52883053,0.07218261065297414,OK,INFO,,Contrainte testable contrôlée sur le portefeuille total.
Monte_Carlo_Min_Volatility,LISTED_EQUITY_PER_COMPANY_MAX_10_PT::BIAT,LISTED_EQUITY_PER_COMPANY_MAX_10_PT::BIAT,LEGAL_REGULATORY,2783944.2925216495,26116404.433557004,23332460.141035356,0.08934024666525475,OK,INFO,,Contrainte testable contrôlée sur le portefeuille total.
Monte_Carlo_Min_Volatility,LISTED_EQUITY_PER_COMPANY_MAX_10_PT::BT,LISTED_EQUITY_PER_COMPANY_MAX_10_PT::BT,LEGAL_REGULATORY,3301657.872299716,26116404.433557004,22814746.561257288,0.08735791567059127,OK,INFO,,Contrainte testable contrôlée sur le portefeuille total.
Monte_Carlo_Min_Volatility,LISTED_EQUITY_PER_COMPANY_MAX_10_PT::CITY_CARS,LISTED_EQUITY_PER_COMPANY_MAX_10_PT::CITY_CARS,LEGAL_REGULATORY,1384415.2259011245,26116404.433557004,24731989.20765588,0.09469905886385231,OK,INFO,,Contrainte testable contrôlée sur le portefeuille total.
Monte_Carlo_Min_Volatility,LISTED_EQUITY_PER_COMPANY_MAX_10_PT::DELICE_HOLDING,LISTED_EQUITY_PER_COMPANY_MAX_10_PT::DELICE_HOLDING,LEGAL_REGULATORY,2044009.706331556,26116404.433557004,24072394.72722545,0.09217346433912164,OK,INFO,,Contrainte testable contrôlée sur le portefeuille total.
Monte_Carlo_Min_Volatility,LISTED_EQUITY_PER_COMPANY_MAX_10_PT::ENNAKL,LISTED_EQUITY_PER_COMPANY_MAX_10_PT::ENNAKL,LEGAL_REGULATORY,8617031.21807138,26116404.433557004,17499373.215485625,0.0670052926313266,OK,INFO,,Contrainte testable contrôlée sur le portefeuille total.
Monte_Carlo_Min_Volatility,LISTED_EQUITY_PER_COMPANY_MAX_10_PT::PGH,LISTED_EQUITY_PER_COMPANY_MAX_10_PT::PGH,LEGAL_REGULATORY,10072368.13004497,26116404.433557004,16044036.303512033,0.06143279157867929,OK,INFO,,Contrainte testable contrôlée sur le portefeuille total.
Monte_Carlo_Min_Volatility,CAPITAL_SOCIAL_LIMITS,Limites en pourcentage du capital social,UNTESTED_MISSING_DATA,,,-0.0,-0.0,NOT_TESTED_DATA_MISSING,WARNING,CHECK_NOT_ENFORCED_MISSING_DATA,Contrainte non testée faute de données détaillées ; elle n’est pas assimilée à une conformité.
Monte_Carlo_Min_Volatility,OPCVM_ENTITY_LIMITS,OPCVM par entité,UNTESTED_MISSING_DATA,,,-0.0,-0.0,NOT_TESTED_DATA_MISSING,WARNING,CHECK_NOT_ENFORCED_MISSING_DATA,Contrainte non testée faute de données détaillées ; elle n’est pas assimilée à une conformité.
Monte_Carlo_Min_Volatility,SICAR_ENTITY_LIMITS,SICAR/SICAF par société,UNTESTED_MISSING_DATA,,,-0.0,-0.0,NOT_TESTED_DATA_MISSING,WARNING,CHECK_NOT_ENFORCED_MISSING_DATA,Contrainte non testée faute de données détaillées ; elle n’est pas assimilée à une conformité.
Monte_Carlo_Min_Volatility,OTHER_SECURITIES_LIMITS,Autres valeurs mobilières,UNTESTED_MISSING_DATA,,,-0.0,-0.0,NOT_TESTED_DATA_MISSING,WARNING,CHECK_NOT_ENFORCED_MISSING_DATA,Contrainte non testée faute de données détaillées ; elle n’est pas assimilée à une conformité.
Monte_Carlo_Min_Volatility,INTERNAL_NO_SHORT_SELLING,Absence de vente à découvert,INTERNAL_GOVERNANCE,0.004184231153245957,0.0,0.004184231153245957,,OK,INFO,INTERNAL_LIMIT,Contrôle interne appliqué à la poche optimisable.
Monte_Carlo_Min_Volatility,INTERNAL_FULL_INVESTMENT,Somme des poids optimisables égale à 100%,INTERNAL_GOVERNANCE,1.0,1.0,1.0,,OK,INFO,INTERNAL_LIMIT,Contrôle interne appliqué à la poche optimisable.
Monte_Carlo_Min_Volatility,INTERNAL_TURNOVER_MAX_30,Turnover maximum de gouvernance,INTERNAL_GOVERNANCE,0.26626571333096516,0.3,0.03373428666903483,,OK,INFO,INTERNAL_LIMIT,"Limite interne de réallocation, non réglementaire."
Monte_Carlo_Min_Volatility,INTERNAL_MAX_ASSET_WEIGHT,Poids maximum par actif,INTERNAL_GOVERNANCE,0.2992085467855138,0.3,0.0007914532144862041,,OK,INFO,INTERNAL_LIMIT,"Limite interne de concentration, non réglementaire."
Monte_Carlo_Max_Return,COVERAGE_GLOBAL,Couverture globale des provisions techniques,LEGAL_REGULATORY,509032582.0402451,261164044.33557004,247868537.70467508,0.9490913587866959,OK,INFO,ENFORCED,Contrainte testable contrôlée sur le portefeuille total.
Monte_Carlo_Max_Return,STATE_MIN_20_PT,Titres émis ou garantis par l'État >= 20% PT,LEGAL_REGULATORY,111869912.45662032,52232808.86711401,59637103.58950631,0.22835112597995502,OK,INFO,ENFORCED,Contrainte testable contrôlée sur le portefeuille total.
Monte_Carlo_Max_Return,REAL_ESTATE_TOTAL_MAX_20_PT,Immobilier total <= 20% PT,LEGAL_REGULATORY,25860875.370495003,52232808.86711401,26371933.496619005,0.10097842359468776,OK,INFO,POST_CHECK,Contrainte testable contrôlée sur le portefeuille total.
Monte_Carlo_Max_Return,SICAR_TOTAL_MAX_10_PT,SICAR/SICAF total <= 10% PT,LEGAL_REGULATORY,5215648.67154,26116404.433557004,20900755.762017004,0.08002922383588759,OK,INFO,POST_CHECK,Contrainte testable contrôlée sur le portefeuille total.
Monte_Carlo_Max_Return,LISTED_EQUITY_PER_COMPANY_MAX_10_PT::AMEN_BANK,LISTED_EQUITY_PER_COMPANY_MAX_10_PT::AMEN_BANK,LEGAL_REGULATORY,9331619.41094822,26116404.433557004,16784785.022608783,0.06426912657640571,OK,INFO,,Contrainte testable contrôlée sur le portefeuille total.
Monte_Carlo_Max_Return,LISTED_EQUITY_PER_COMPANY_MAX_10_PT::ATTIJARI_BANK,LISTED_EQUITY_PER_COMPANY_MAX_10_PT::ATTIJARI_BANK,LEGAL_REGULATORY,14763173.841251034,26116404.433557004,11353230.59230597,0.04347164488584113,OK,INFO,,Contrainte testable contrôlée sur le portefeuille total.
Monte_Carlo_Max_Return,LISTED_EQUITY_PER_COMPANY_MAX_10_PT::BIAT,LISTED_EQUITY_PER_COMPANY_MAX_10_PT::BIAT,LEGAL_REGULATORY,5945263.584201197,26116404.433557004,20171140.849355806,0.07723552030553593,OK,INFO,,Contrainte testable contrôlée sur le portefeuille total.
Monte_Carlo_Max_Return,LISTED_EQUITY_PER_COMPANY_MAX_10_PT::BT,LISTED_EQUITY_PER_COMPANY_MAX_10_PT::BT,LEGAL_REGULATORY,3872639.354080213,26116404.433557004,22243765.079476792,0.08517162129292097,OK,INFO,,Contrainte testable contrôlée sur le portefeuille total.
Monte_Carlo_Max_Return,LISTED_EQUITY_PER_COMPANY_MAX_10_PT::CITY_CARS,LISTED_EQUITY_PER_COMPANY_MAX_10_PT::CITY_CARS,LEGAL_REGULATORY,2204513.1389261144,26116404.433557004,23911891.29463089,0.09155889492929764,OK,INFO,,Contrainte testable contrôlée sur le portefeuille total.
Monte_Carlo_Max_Return,LISTED_EQUITY_PER_COMPANY_MAX_10_PT::DELICE_HOLDING,LISTED_EQUITY_PER_COMPANY_MAX_10_PT::DELICE_HOLDING,LEGAL_REGULATORY,5639952.021535127,26116404.433557004,20476452.412021875,0.07840456163908863,OK,INFO,,Contrainte testable contrôlée sur le portefeuille total.
Monte_Carlo_Max_Return,LISTED_EQUITY_PER_COMPANY_MAX_10_PT::ENNAKL,LISTED_EQUITY_PER_COMPANY_MAX_10_PT::ENNAKL,LEGAL_REGULATORY,8989098.737100681,26116404.433557004,17127305.69645632,0.06558064200617686,OK,INFO,,Contrainte testable contrôlée sur le portefeuille total.
Monte_Carlo_Max_Return,LISTED_EQUITY_PER_COMPANY_MAX_10_PT::PGH,LISTED_EQUITY_PER_COMPANY_MAX_10_PT::PGH,LEGAL_REGULATORY,15712195.765073167,26116404.433557004,10404208.668483837,0.0398378294950719,OK,INFO,,Contrainte testable contrôlée sur le portefeuille total.
Monte_Carlo_Max_Return,CAPITAL_SOCIAL_LIMITS,Limites en pourcentage du capital social,UNTESTED_MISSING_DATA,,,-0.0,-0.0,NOT_TESTED_DATA_MISSING,WARNING,CHECK_NOT_ENFORCED_MISSING_DATA,Contrainte non testée faute de données détaillées ; elle n’est pas assimilée à une conformité.
Monte_Carlo_Max_Return,OPCVM_ENTITY_LIMITS,OPCVM par entité,UNTESTED_MISSING_DATA,,,-0.0,-0.0,NOT_TESTED_DATA_MISSING,WARNING,CHECK_NOT_ENFORCED_MISSING_DATA,Contrainte non testée faute de données détaillées ; elle n’est pas assimilée à une conformité.
Monte_Carlo_Max_Return,SICAR_ENTITY_LIMITS,SICAR/SICAF par société,UNTESTED_MISSING_DATA,,,-0.0,-0.0,NOT_TESTED_DATA_MISSING,WARNING,CHECK_NOT_ENFORCED_MISSING_DATA,Contrainte non testée faute de données détaillées ; elle n’est pas assimilée à une conformité.
Monte_Carlo_Max_Return,OTHER_SECURITIES_LIMITS,Autres valeurs mobilières,UNTESTED_MISSING_DATA,,,-0.0,-0.0,NOT_TESTED_DATA_MISSING,WARNING,CHECK_NOT_ENFORCED_MISSING_DATA,Contrainte non testée faute de données détaillées ; elle n’est pas assimilée à une conformité.
Monte_Carlo_Max_Return,INTERNAL_NO_SHORT_SELLING,Absence de vente à découvert,INTERNAL_GOVERNANCE,0.006662880024040906,0.0,0.006662880024040906,,OK,INFO,INTERNAL_LIMIT,Contrôle interne appliqué à la poche optimisable.
Monte_Carlo_Max_Return,INTERNAL_FULL_INVESTMENT,Somme des poids optimisables égale à 100%,INTERNAL_GOVERNANCE,0.9999999999999996,1.0,0.9999999999999996,,OK,INFO,INTERNAL_LIMIT,Contrôle interne appliqué à la poche optimisable.
Monte_Carlo_Max_Return,INTERNAL_TURNOVER_MAX_30,Turnover maximum de gouvernance,INTERNAL_GOVERNANCE,0.299909746027158,0.3,9.025397284201375e-05,,OK,INFO,INTERNAL_LIMIT,"Limite interne de réallocation, non réglementaire."
Monte_Carlo_Max_Return,INTERNAL_MAX_ASSET_WEIGHT,Poids maximum par actif,INTERNAL_GOVERNANCE,0.2927463532044944,0.3,0.007253646795505608,,OK,INFO,INTERNAL_LIMIT,"Limite interne de concentration, non réglementaire."
MultiCriteria_Recommended_Portfolio,COVERAGE_GLOBAL,Couverture globale des provisions techniques,LEGAL_REGULATORY,509032582.0402451,261164044.33557004,247868537.70467508,0.9490913587866959,OK,INFO,ENFORCED,Contrainte testable contrôlée sur le portefeuille total.
MultiCriteria_Recommended_Portfolio,STATE_MIN_20_PT,Titres émis ou garantis par l'État >= 20% PT,LEGAL_REGULATORY,114927786.11294213,52232808.86711401,62694977.24582812,0.24005975786341882,OK,INFO,ENFORCED,Contrainte testable contrôlée sur le portefeuille total.
MultiCriteria_Recommended_Portfolio,REAL_ESTATE_TOTAL_MAX_20_PT,Immobilier total <= 20% PT,LEGAL_REGULATORY,25860875.370495003,52232808.86711401,26371933.496619005,0.10097842359468776,OK,INFO,POST_CHECK,Contrainte testable contrôlée sur le portefeuille total.
MultiCriteria_Recommended_Portfolio,SICAR_TOTAL_MAX_10_PT,SICAR/SICAF total <= 10% PT,LEGAL_REGULATORY,5215648.67154,26116404.433557004,20900755.762017004,0.08002922383588759,OK,INFO,POST_CHECK,Contrainte testable contrôlée sur le portefeuille total.
MultiCriteria_Recommended_Portfolio,LISTED_EQUITY_PER_COMPANY_MAX_10_PT::AMEN_BANK,LISTED_EQUITY_PER_COMPANY_MAX_10_PT::AMEN_BANK,LEGAL_REGULATORY,7042399.4256453095,26116404.433557004,19074005.007911693,0.07303457509412543,OK,INFO,,Contrainte testable contrôlée sur le portefeuille total.
MultiCriteria_Recommended_Portfolio,LISTED_EQUITY_PER_COMPANY_MAX_10_PT::ATTIJARI_BANK,LISTED_EQUITY_PER_COMPANY_MAX_10_PT::ATTIJARI_BANK,LEGAL_REGULATORY,5382838.848025323,26116404.433557004,20733565.58553168,0.07938905081011495,OK,INFO,,Contrainte testable contrôlée sur le portefeuille total.
MultiCriteria_Recommended_Portfolio,LISTED_EQUITY_PER_COMPANY_MAX_10_PT::BIAT,LISTED_EQUITY_PER_COMPANY_MAX_10_PT::BIAT,LEGAL_REGULATORY,2219999.9488419453,26116404.433557004,23896404.48471506,0.09149959576368995,OK,INFO,,Contrainte testable contrôlée sur le portefeuille total.
MultiCriteria_Recommended_Portfolio,LISTED_EQUITY_PER_COMPANY_MAX_10_PT::BT,LISTED_EQUITY_PER_COMPANY_MAX_10_PT::BT,LEGAL_REGULATORY,2630638.9142917376,26116404.433557004,23485765.519265264,0.08992725464569837,OK,INFO,,Contrainte testable contrôlée sur le portefeuille total.
MultiCriteria_Recommended_Portfolio,LISTED_EQUITY_PER_COMPANY_MAX_10_PT::CITY_CARS,LISTED_EQUITY_PER_COMPANY_MAX_10_PT::CITY_CARS,LEGAL_REGULATORY,5742080.970519075,26116404.433557004,20374323.46303793,0.07801350876944965,OK,INFO,,Contrainte testable contrôlée sur le portefeuille total.
MultiCriteria_Recommended_Portfolio,LISTED_EQUITY_PER_COMPANY_MAX_10_PT::DELICE_HOLDING,LISTED_EQUITY_PER_COMPANY_MAX_10_PT::DELICE_HOLDING,LEGAL_REGULATORY,1407931.8983971968,26116404.433557004,24708472.535159808,0.09460901326605227,OK,INFO,,Contrainte testable contrôlée sur le portefeuille total.
MultiCriteria_Recommended_Portfolio,LISTED_EQUITY_PER_COMPANY_MAX_10_PT::ENNAKL,LISTED_EQUITY_PER_COMPANY_MAX_10_PT::ENNAKL,LEGAL_REGULATORY,670651.4620253922,26116404.433557004,25445752.97153161,0.0974320681710547,OK,INFO,,Contrainte testable contrôlée sur le portefeuille total.
MultiCriteria_Recommended_Portfolio,LISTED_EQUITY_PER_COMPANY_MAX_10_PT::PGH,LISTED_EQUITY_PER_COMPANY_MAX_10_PT::PGH,LEGAL_REGULATORY,12176140.949813426,26116404.433557004,13940263.483743578,0.053377422298728515,OK,INFO,,Contrainte testable contrôlée sur le portefeuille total.
MultiCriteria_Recommended_Portfolio,CAPITAL_SOCIAL_LIMITS,Limites en pourcentage du capital social,UNTESTED_MISSING_DATA,,,-0.0,-0.0,NOT_TESTED_DATA_MISSING,WARNING,CHECK_NOT_ENFORCED_MISSING_DATA,Contrainte non testée faute de données détaillées ; elle n’est pas assimilée à une conformité.
MultiCriteria_Recommended_Portfolio,OPCVM_ENTITY_LIMITS,OPCVM par entité,UNTESTED_MISSING_DATA,,,-0.0,-0.0,NOT_TESTED_DATA_MISSING,WARNING,CHECK_NOT_ENFORCED_MISSING_DATA,Contrainte non testée faute de données détaillées ; elle n’est pas assimilée à une conformité.
MultiCriteria_Recommended_Portfolio,SICAR_ENTITY_LIMITS,SICAR/SICAF par société,UNTESTED_MISSING_DATA,,,-0.0,-0.0,NOT_TESTED_DATA_MISSING,WARNING,CHECK_NOT_ENFORCED_MISSING_DATA,Contrainte non testée faute de données détaillées ; elle n’est pas assimilée à une conformité.
MultiCriteria_Recommended_Portfolio,OTHER_SECURITIES_LIMITS,Autres valeurs mobilières,UNTESTED_MISSING_DATA,,,-0.0,-0.0,NOT_TESTED_DATA_MISSING,WARNING,CHECK_NOT_ENFORCED_MISSING_DATA,Contrainte non testée faute de données détaillées ; elle n’est pas assimilée à une conformité.
MultiCriteria_Recommended_Portfolio,INTERNAL_NO_SHORT_SELLING,Absence de vente à découvert,INTERNAL_GOVERNANCE,0.0020269646619568535,0.0,0.0020269646619568535,,OK,INFO,INTERNAL_LIMIT,Contrôle interne appliqué à la poche optimisable.
MultiCriteria_Recommended_Portfolio,INTERNAL_FULL_INVESTMENT,Somme des poids optimisables égale à 100%,INTERNAL_GOVERNANCE,1.0,1.0,1.0,,OK,INFO,INTERNAL_LIMIT,Contrôle interne appliqué à la poche optimisable.
MultiCriteria_Recommended_Portfolio,INTERNAL_TURNOVER_MAX_30,Turnover maximum de gouvernance,INTERNAL_GOVERNANCE,0.2999999876666527,0.3,1.2333347287896146e-08,,OK,INFO,INTERNAL_LIMIT,"Limite interne de réallocation, non réglementaire."
MultiCriteria_Recommended_Portfolio,INTERNAL_MAX_ASSET_WEIGHT,Poids maximum par actif,INTERNAL_GOVERNANCE,0.2999999997785018,0.3,2.2149820866346204e-10,,OK,INFO,INTERNAL_LIMIT,"Limite interne de concentration, non réglementaire."
