portfolio_name,constraint_id,exposure_value,threshold_value,denominator_value,exposure_pct_denominator,limit_pct,compliance_status,breach_amount,data_quality_flag,constraint_name,implementation_status,constraint_origin
Current_Portfolio,COVERAGE_GLOBAL,509032582.0402451,261164044.33557004,261164044.33557004,1.949091358786696,1.0,COMPLIANT,0.0,OK,Couverture globale des provisions techniques,ENFORCED,LEGAL_REGULATORY
Current_Portfolio,STATE_MIN_20_PT,114927783.44993006,52232808.86711401,261164044.33557004,0.4400597476667163,0.2,COMPLIANT,0.0,OK,Titres émis ou garantis par l'État >= 20% PT,ENFORCED,LEGAL_REGULATORY
Current_Portfolio,REAL_ESTATE_TOTAL_MAX_20_PT,25860875.370495003,52232808.86711401,261164044.33557004,0.09902157640531224,0.2,COMPLIANT,0.0,OK,Immobilier total <= 20% PT,POST_CHECK,LEGAL_REGULATORY
Current_Portfolio,SICAR_TOTAL_MAX_10_PT,5215648.67154,26116404.433557004,261164044.33557004,0.019970776164112414,0.1,COMPLIANT,0.0,OK,SICAR/SICAF total <= 10% PT,POST_CHECK,LEGAL_REGULATORY
Current_Portfolio,LISTED_EQUITY_PER_COMPANY_MAX_10_PT::AMEN_BANK,7042399.999999976,26116404.433557004,261164044.33557004,0.026965427105084903,0.1,COMPLIANT,0.0,OK,LISTED_EQUITY_PER_COMPANY_MAX_10_PT::AMEN_BANK,,LEGAL_REGULATORY
Current_Portfolio,LISTED_EQUITY_PER_COMPANY_MAX_10_PT::ATTIJARI_BANK,5382838.969999984,26116404.433557004,261164044.33557004,0.020610949656927377,0.1,COMPLIANT,0.0,OK,LISTED_EQUITY_PER_COMPANY_MAX_10_PT::ATTIJARI_BANK,,LEGAL_REGULATORY
Current_Portfolio,LISTED_EQUITY_PER_COMPANY_MAX_10_PT::BIAT,2219999.999999994,26116404.433557004,261164044.33557004,0.008500404432194781,0.1,COMPLIANT,0.0,OK,LISTED_EQUITY_PER_COMPANY_MAX_10_PT::BIAT,,LEGAL_REGULATORY
Current_Portfolio,LISTED_EQUITY_PER_COMPANY_MAX_10_PT::BT,44799.999999995736,26116404.433557004,261164044.33557004,0.00017153969304607703,0.1,COMPLIANT,0.0,OK,LISTED_EQUITY_PER_COMPANY_MAX_10_PT::BT,,LEGAL_REGULATORY
Current_Portfolio,LISTED_EQUITY_PER_COMPANY_MAX_10_PT::CITY_CARS,353161.8999999738,26116404.433557004,261164044.33557004,0.0013522608018207726,0.1,COMPLIANT,0.0,OK,LISTED_EQUITY_PER_COMPANY_MAX_10_PT::CITY_CARS,,LEGAL_REGULATORY
Current_Portfolio,LISTED_EQUITY_PER_COMPANY_MAX_10_PT::DELICE_HOLDING,1407931.7999999744,26116404.433557004,261164044.33557004,0.00539098635718369,0.1,COMPLIANT,0.0,OK,LISTED_EQUITY_PER_COMPANY_MAX_10_PT::DELICE_HOLDING,,LEGAL_REGULATORY
Current_Portfolio,LISTED_EQUITY_PER_COMPANY_MAX_10_PT::ENNAKL,9000000.359999994,26116404.433557004,261164044.33557004,0.034461100427882335,0.1,COMPLIANT,0.0,OK,LISTED_EQUITY_PER_COMPANY_MAX_10_PT::ENNAKL,,LEGAL_REGULATORY
Current_Portfolio,LISTED_EQUITY_PER_COMPANY_MAX_10_PT::PGH,14842253.999999985,26116404.433557004,261164044.33557004,0.056831153912324746,0.1,COMPLIANT,0.0,OK,LISTED_EQUITY_PER_COMPANY_MAX_10_PT::PGH,,LEGAL_REGULATORY
Current_Portfolio,CAPITAL_SOCIAL_LIMITS,,,261164044.33557004,,,CHECK_NOT_ENFORCED_MISSING_DATA,,CHECK_NOT_ENFORCED_MISSING_DATA,Limites en pourcentage du capital social,CHECK_NOT_ENFORCED_MISSING_DATA,UNTESTED_MISSING_DATA
Current_Portfolio,OPCVM_ENTITY_LIMITS,,,261164044.33557004,,,CHECK_NOT_ENFORCED_MISSING_DATA,,CHECK_NOT_ENFORCED_MISSING_DATA,OPCVM par entité,CHECK_NOT_ENFORCED_MISSING_DATA,UNTESTED_MISSING_DATA
Current_Portfolio,SICAR_ENTITY_LIMITS,,,261164044.33557004,,,CHECK_NOT_ENFORCED_MISSING_DATA,,CHECK_NOT_ENFORCED_MISSING_DATA,SICAR/SICAF par société,CHECK_NOT_ENFORCED_MISSING_DATA,UNTESTED_MISSING_DATA
Current_Portfolio,OTHER_SECURITIES_LIMITS,,,261164044.33557004,,,CHECK_NOT_ENFORCED_MISSING_DATA,,CHECK_NOT_ENFORCED_MISSING_DATA,Autres valeurs mobilières,CHECK_NOT_ENFORCED_MISSING_DATA,UNTESTED_MISSING_DATA
Minimum_Variance,COVERAGE_GLOBAL,509032582.0402451,261164044.33557004,261164044.33557004,1.949091358786696,1.0,COMPLIANT,0.0,OK,Couverture globale des provisions techniques,ENFORCED,LEGAL_REGULATORY
Minimum_Variance,STATE_MIN_20_PT,114981274.67797275,52232808.86711401,261164044.33557004,0.4402645661675891,0.2,COMPLIANT,0.0,OK,Titres émis ou garantis par l'État >= 20% PT,ENFORCED,LEGAL_REGULATORY
Minimum_Variance,REAL_ESTATE_TOTAL_MAX_20_PT,25860875.370495003,52232808.86711401,261164044.33557004,0.09902157640531224,0.2,COMPLIANT,0.0,OK,Immobilier total <= 20% PT,POST_CHECK,LEGAL_REGULATORY
Minimum_Variance,SICAR_TOTAL_MAX_10_PT,5215648.67154,26116404.433557004,261164044.33557004,0.019970776164112414,0.1,COMPLIANT,0.0,OK,SICAR/SICAF total <= 10% PT,POST_CHECK,LEGAL_REGULATORY
Minimum_Variance,LISTED_EQUITY_PER_COMPANY_MAX_10_PT::AMEN_BANK,7042397.842030773,26116404.433557004,261164044.33557004,0.026965418842197077,0.1,COMPLIANT,0.0,OK,LISTED_EQUITY_PER_COMPANY_MAX_10_PT::AMEN_BANK,,LEGAL_REGULATORY
Minimum_Variance,LISTED_EQUITY_PER_COMPANY_MAX_10_PT::ATTIJARI_BANK,5382649.879165986,26116404.433557004,261164044.33557004,0.02061022562604296,0.1,COMPLIANT,0.0,OK,LISTED_EQUITY_PER_COMPANY_MAX_10_PT::ATTIJARI_BANK,,LEGAL_REGULATORY
Minimum_Variance,LISTED_EQUITY_PER_COMPANY_MAX_10_PT::BIAT,2220004.3938915324,26116404.433557004,261164044.33557004,0.00850042125645384,0.1,COMPLIANT,0.0,OK,LISTED_EQUITY_PER_COMPANY_MAX_10_PT::BIAT,,LEGAL_REGULATORY
Minimum_Variance,LISTED_EQUITY_PER_COMPANY_MAX_10_PT::BT,44802.16780643736,26116404.433557004,261164044.33557004,0.00017154799360079978,0.1,COMPLIANT,0.0,OK,LISTED_EQUITY_PER_COMPANY_MAX_10_PT::BT,,LEGAL_REGULATORY
Minimum_Variance,LISTED_EQUITY_PER_COMPANY_MAX_10_PT::CITY_CARS,353183.37770965404,26116404.433557004,261164044.33557004,0.0013523430402075114,0.1,COMPLIANT,0.0,OK,LISTED_EQUITY_PER_COMPANY_MAX_10_PT::CITY_CARS,,LEGAL_REGULATORY
Minimum_Variance,LISTED_EQUITY_PER_COMPANY_MAX_10_PT::DELICE_HOLDING,1407930.540177619,26116404.433557004,261164044.33557004,0.005390981533310027,0.1,COMPLIANT,0.0,OK,LISTED_EQUITY_PER_COMPANY_MAX_10_PT::DELICE_HOLDING,,LEGAL_REGULATORY
Minimum_Variance,LISTED_EQUITY_PER_COMPANY_MAX_10_PT::ENNAKL,8694053.373122439,26116404.433557004,261164044.33557004,0.03328962604803071,0.1,COMPLIANT,0.0,OK,LISTED_EQUITY_PER_COMPANY_MAX_10_PT::ENNAKL,,LEGAL_REGULATORY
Minimum_Variance,LISTED_EQUITY_PER_COMPANY_MAX_10_PT::PGH,4153002.956846222,26116404.433557004,261164044.33557004,0.0159018940276098,0.1,COMPLIANT,0.0,OK,LISTED_EQUITY_PER_COMPANY_MAX_10_PT::PGH,,LEGAL_REGULATORY
Minimum_Variance,CAPITAL_SOCIAL_LIMITS,,,261164044.33557004,,,CHECK_NOT_ENFORCED_MISSING_DATA,,CHECK_NOT_ENFORCED_MISSING_DATA,Limites en pourcentage du capital social,CHECK_NOT_ENFORCED_MISSING_DATA,UNTESTED_MISSING_DATA
Minimum_Variance,OPCVM_ENTITY_LIMITS,,,261164044.33557004,,,CHECK_NOT_ENFORCED_MISSING_DATA,,CHECK_NOT_ENFORCED_MISSING_DATA,OPCVM par entité,CHECK_NOT_ENFORCED_MISSING_DATA,UNTESTED_MISSING_DATA
Minimum_Variance,SICAR_ENTITY_LIMITS,,,261164044.33557004,,,CHECK_NOT_ENFORCED_MISSING_DATA,,CHECK_NOT_ENFORCED_MISSING_DATA,SICAR/SICAF par société,CHECK_NOT_ENFORCED_MISSING_DATA,UNTESTED_MISSING_DATA
Minimum_Variance,OTHER_SECURITIES_LIMITS,,,261164044.33557004,,,CHECK_NOT_ENFORCED_MISSING_DATA,,CHECK_NOT_ENFORCED_MISSING_DATA,Autres valeurs mobilières,CHECK_NOT_ENFORCED_MISSING_DATA,UNTESTED_MISSING_DATA
Mean_Variance_lambda_2,COVERAGE_GLOBAL,509032582.0402451,261164044.33557004,261164044.33557004,1.949091358786696,1.0,COMPLIANT,0.0,OK,Couverture globale des provisions techniques,ENFORCED,LEGAL_REGULATORY
Mean_Variance_lambda_2,STATE_MIN_20_PT,114927682.25009635,52232808.86711401,261164044.33557004,0.44005936017143926,0.2,COMPLIANT,0.0,OK,Titres émis ou garantis par l'État >= 20% PT,ENFORCED,LEGAL_REGULATORY
Mean_Variance_lambda_2,REAL_ESTATE_TOTAL_MAX_20_PT,25860875.370495003,52232808.86711401,261164044.33557004,0.09902157640531224,0.2,COMPLIANT,0.0,OK,Immobilier total <= 20% PT,POST_CHECK,LEGAL_REGULATORY
Mean_Variance_lambda_2,SICAR_TOTAL_MAX_10_PT,5215648.67154,26116404.433557004,261164044.33557004,0.019970776164112414,0.1,COMPLIANT,0.0,OK,SICAR/SICAF total <= 10% PT,POST_CHECK,LEGAL_REGULATORY
Mean_Variance_lambda_2,LISTED_EQUITY_PER_COMPANY_MAX_10_PT::AMEN_BANK,7042400.99294763,26116404.433557004,261164044.33557004,0.0269654309070924,0.1,COMPLIANT,0.0,OK,LISTED_EQUITY_PER_COMPANY_MAX_10_PT::AMEN_BANK,,LEGAL_REGULATORY
Mean_Variance_lambda_2,LISTED_EQUITY_PER_COMPANY_MAX_10_PT::ATTIJARI_BANK,5382871.301103493,26116404.433557004,261164044.33557004,0.020611073453078534,0.1,COMPLIANT,0.0,OK,LISTED_EQUITY_PER_COMPANY_MAX_10_PT::ATTIJARI_BANK,,LEGAL_REGULATORY
Mean_Variance_lambda_2,LISTED_EQUITY_PER_COMPANY_MAX_10_PT::BIAT,2220001.1650871597,26116404.433557004,261164044.33557004,0.008500408893326362,0.1,COMPLIANT,0.0,OK,LISTED_EQUITY_PER_COMPANY_MAX_10_PT::BIAT,,LEGAL_REGULATORY
Mean_Variance_lambda_2,LISTED_EQUITY_PER_COMPANY_MAX_10_PT::BT,26116403.999913853,26116404.433557004,261164044.33557004,0.0999999983395756,0.1,COMPLIANT,0.0,OK,LISTED_EQUITY_PER_COMPANY_MAX_10_PT::BT,,LEGAL_REGULATORY
Mean_Variance_lambda_2,LISTED_EQUITY_PER_COMPANY_MAX_10_PT::CITY_CARS,7979084.544945271,26116404.433557004,261164044.33557004,0.030552002536355784,0.1,COMPLIANT,0.0,OK,LISTED_EQUITY_PER_COMPANY_MAX_10_PT::CITY_CARS,,LEGAL_REGULATORY
Mean_Variance_lambda_2,LISTED_EQUITY_PER_COMPANY_MAX_10_PT::DELICE_HOLDING,17340100.83594389,26116404.433557004,261164044.33557004,0.06639543693719022,0.1,COMPLIANT,0.0,OK,LISTED_EQUITY_PER_COMPANY_MAX_10_PT::DELICE_HOLDING,,LEGAL_REGULATORY
Mean_Variance_lambda_2,LISTED_EQUITY_PER_COMPANY_MAX_10_PT::ENNAKL,0.0,26116404.433557004,261164044.33557004,0.0,0.1,COMPLIANT,0.0,OK,LISTED_EQUITY_PER_COMPANY_MAX_10_PT::ENNAKL,,LEGAL_REGULATORY
Mean_Variance_lambda_2,LISTED_EQUITY_PER_COMPANY_MAX_10_PT::PGH,12846899.547749871,26116404.433557004,261164044.33557004,0.0491909197547993,0.1,COMPLIANT,0.0,OK,LISTED_EQUITY_PER_COMPANY_MAX_10_PT::PGH,,LEGAL_REGULATORY
Mean_Variance_lambda_2,CAPITAL_SOCIAL_LIMITS,,,261164044.33557004,,,CHECK_NOT_ENFORCED_MISSING_DATA,,CHECK_NOT_ENFORCED_MISSING_DATA,Limites en pourcentage du capital social,CHECK_NOT_ENFORCED_MISSING_DATA,UNTESTED_MISSING_DATA
Mean_Variance_lambda_2,OPCVM_ENTITY_LIMITS,,,261164044.33557004,,,CHECK_NOT_ENFORCED_MISSING_DATA,,CHECK_NOT_ENFORCED_MISSING_DATA,OPCVM par entité,CHECK_NOT_ENFORCED_MISSING_DATA,UNTESTED_MISSING_DATA
Mean_Variance_lambda_2,SICAR_ENTITY_LIMITS,,,261164044.33557004,,,CHECK_NOT_ENFORCED_MISSING_DATA,,CHECK_NOT_ENFORCED_MISSING_DATA,SICAR/SICAF par société,CHECK_NOT_ENFORCED_MISSING_DATA,UNTESTED_MISSING_DATA
Mean_Variance_lambda_2,OTHER_SECURITIES_LIMITS,,,261164044.33557004,,,CHECK_NOT_ENFORCED_MISSING_DATA,,CHECK_NOT_ENFORCED_MISSING_DATA,Autres valeurs mobilières,CHECK_NOT_ENFORCED_MISSING_DATA,UNTESTED_MISSING_DATA
Mean_Variance_lambda_5,COVERAGE_GLOBAL,509032582.0402451,261164044.33557004,261164044.33557004,1.949091358786696,1.0,COMPLIANT,0.0,OK,Couverture globale des provisions techniques,ENFORCED,LEGAL_REGULATORY
Mean_Variance_lambda_5,STATE_MIN_20_PT,114927782.97290212,52232808.86711401,261164044.33557004,0.44005974584017105,0.2,COMPLIANT,0.0,OK,Titres émis ou garantis par l'État >= 20% PT,ENFORCED,LEGAL_REGULATORY
Mean_Variance_lambda_5,REAL_ESTATE_TOTAL_MAX_20_PT,25860875.370495003,52232808.86711401,261164044.33557004,0.09902157640531224,0.2,COMPLIANT,0.0,OK,Immobilier total <= 20% PT,POST_CHECK,LEGAL_REGULATORY
Mean_Variance_lambda_5,SICAR_TOTAL_MAX_10_PT,5215648.67154,26116404.433557004,261164044.33557004,0.019970776164112414,0.1,COMPLIANT,0.0,OK,SICAR/SICAF total <= 10% PT,POST_CHECK,LEGAL_REGULATORY
Mean_Variance_lambda_5,LISTED_EQUITY_PER_COMPANY_MAX_10_PT::AMEN_BANK,7042400.545991334,26116404.433557004,261164044.33557004,0.026965429195691823,0.1,COMPLIANT,0.0,OK,LISTED_EQUITY_PER_COMPANY_MAX_10_PT::AMEN_BANK,,LEGAL_REGULATORY
Mean_Variance_lambda_5,LISTED_EQUITY_PER_COMPANY_MAX_10_PT::ATTIJARI_BANK,5382850.15532003,26116404.433557004,261164044.33557004,0.020610992485640935,0.1,COMPLIANT,0.0,OK,LISTED_EQUITY_PER_COMPANY_MAX_10_PT::ATTIJARI_BANK,,LEGAL_REGULATORY
Mean_Variance_lambda_5,LISTED_EQUITY_PER_COMPANY_MAX_10_PT::BIAT,2220000.5283006574,26116404.433557004,261164044.33557004,0.008500406455063836,0.1,COMPLIANT,0.0,OK,LISTED_EQUITY_PER_COMPANY_MAX_10_PT::BIAT,,LEGAL_REGULATORY
Mean_Variance_lambda_5,LISTED_EQUITY_PER_COMPANY_MAX_10_PT::BT,26116404.420196816,26116404.433557004,261164044.33557004,0.09999999994884369,0.1,COMPLIANT,0.0,OK,LISTED_EQUITY_PER_COMPANY_MAX_10_PT::BT,,LEGAL_REGULATORY
Mean_Variance_lambda_5,LISTED_EQUITY_PER_COMPANY_MAX_10_PT::CITY_CARS,14424832.92695622,26116404.433557004,261164044.33557004,0.05523284402971541,0.1,COMPLIANT,0.0,OK,LISTED_EQUITY_PER_COMPANY_MAX_10_PT::CITY_CARS,,LEGAL_REGULATORY
Mean_Variance_lambda_5,LISTED_EQUITY_PER_COMPANY_MAX_10_PT::DELICE_HOLDING,10894377.76692467,26116404.433557004,261164044.33557004,0.041714692367554505,0.1,COMPLIANT,0.0,OK,LISTED_EQUITY_PER_COMPANY_MAX_10_PT::DELICE_HOLDING,,LEGAL_REGULATORY
Mean_Variance_lambda_5,LISTED_EQUITY_PER_COMPANY_MAX_10_PT::ENNAKL,0.027435248788341603,26116404.433557004,261164044.33557004,1.0504986954900274e-10,0.1,COMPLIANT,0.0,OK,LISTED_EQUITY_PER_COMPANY_MAX_10_PT::ENNAKL,,LEGAL_REGULATORY
Mean_Variance_lambda_5,LISTED_EQUITY_PER_COMPANY_MAX_10_PT::PGH,12846791.093942823,26116404.433557004,261164044.33557004,0.04919050448397852,0.1,COMPLIANT,0.0,OK,LISTED_EQUITY_PER_COMPANY_MAX_10_PT::PGH,,LEGAL_REGULATORY
Mean_Variance_lambda_5,CAPITAL_SOCIAL_LIMITS,,,261164044.33557004,,,CHECK_NOT_ENFORCED_MISSING_DATA,,CHECK_NOT_ENFORCED_MISSING_DATA,Limites en pourcentage du capital social,CHECK_NOT_ENFORCED_MISSING_DATA,UNTESTED_MISSING_DATA
Mean_Variance_lambda_5,OPCVM_ENTITY_LIMITS,,,261164044.33557004,,,CHECK_NOT_ENFORCED_MISSING_DATA,,CHECK_NOT_ENFORCED_MISSING_DATA,OPCVM par entité,CHECK_NOT_ENFORCED_MISSING_DATA,UNTESTED_MISSING_DATA
Mean_Variance_lambda_5,SICAR_ENTITY_LIMITS,,,261164044.33557004,,,CHECK_NOT_ENFORCED_MISSING_DATA,,CHECK_NOT_ENFORCED_MISSING_DATA,SICAR/SICAF par société,CHECK_NOT_ENFORCED_MISSING_DATA,UNTESTED_MISSING_DATA
Mean_Variance_lambda_5,OTHER_SECURITIES_LIMITS,,,261164044.33557004,,,CHECK_NOT_ENFORCED_MISSING_DATA,,CHECK_NOT_ENFORCED_MISSING_DATA,Autres valeurs mobilières,CHECK_NOT_ENFORCED_MISSING_DATA,UNTESTED_MISSING_DATA
Mean_Variance_lambda_10,COVERAGE_GLOBAL,509032582.0402451,261164044.33557004,261164044.33557004,1.949091358786696,1.0,COMPLIANT,0.0,OK,Couverture globale des provisions techniques,ENFORCED,LEGAL_REGULATORY
Mean_Variance_lambda_10,STATE_MIN_20_PT,114927791.00258675,52232808.86711401,261164044.33557004,0.4400597765859219,0.2,COMPLIANT,0.0,OK,Titres émis ou garantis par l'État >= 20% PT,ENFORCED,LEGAL_REGULATORY
Mean_Variance_lambda_10,REAL_ESTATE_TOTAL_MAX_20_PT,25860875.370495003,52232808.86711401,261164044.33557004,0.09902157640531224,0.2,COMPLIANT,0.0,OK,Immobilier total <= 20% PT,POST_CHECK,LEGAL_REGULATORY
Mean_Variance_lambda_10,SICAR_TOTAL_MAX_10_PT,5215648.67154,26116404.433557004,261164044.33557004,0.019970776164112414,0.1,COMPLIANT,0.0,OK,SICAR/SICAF total <= 10% PT,POST_CHECK,LEGAL_REGULATORY
Mean_Variance_lambda_10,LISTED_EQUITY_PER_COMPANY_MAX_10_PT::AMEN_BANK,7042479.423565878,26116404.433557004,261164044.33557004,0.026965731218792838,0.1,COMPLIANT,0.0,OK,LISTED_EQUITY_PER_COMPANY_MAX_10_PT::AMEN_BANK,,LEGAL_REGULATORY
Mean_Variance_lambda_10,LISTED_EQUITY_PER_COMPANY_MAX_10_PT::ATTIJARI_BANK,5382844.519445748,26116404.433557004,261164044.33557004,0.020610970905816282,0.1,COMPLIANT,0.0,OK,LISTED_EQUITY_PER_COMPANY_MAX_10_PT::ATTIJARI_BANK,,LEGAL_REGULATORY
Mean_Variance_lambda_10,LISTED_EQUITY_PER_COMPANY_MAX_10_PT::BIAT,7614621.03848074,26116404.433557004,261164044.33557004,0.029156467759002474,0.1,COMPLIANT,0.0,OK,LISTED_EQUITY_PER_COMPANY_MAX_10_PT::BIAT,,LEGAL_REGULATORY
Mean_Variance_lambda_10,LISTED_EQUITY_PER_COMPANY_MAX_10_PT::BT,22939746.424876533,26116404.433557004,261164044.33557004,0.08783654152407451,0.1,COMPLIANT,0.0,OK,LISTED_EQUITY_PER_COMPANY_MAX_10_PT::BT,,LEGAL_REGULATORY
Mean_Variance_lambda_10,LISTED_EQUITY_PER_COMPANY_MAX_10_PT::CITY_CARS,15137351.562482381,26116404.433557004,261164044.33557004,0.05796108572676405,0.1,COMPLIANT,0.0,OK,LISTED_EQUITY_PER_COMPANY_MAX_10_PT::CITY_CARS,,LEGAL_REGULATORY
Mean_Variance_lambda_10,LISTED_EQUITY_PER_COMPANY_MAX_10_PT::DELICE_HOLDING,7963173.87810254,26116404.433557004,261164044.33557004,0.030491080417910234,0.1,COMPLIANT,0.0,OK,LISTED_EQUITY_PER_COMPANY_MAX_10_PT::DELICE_HOLDING,,LEGAL_REGULATORY
Mean_Variance_lambda_10,LISTED_EQUITY_PER_COMPANY_MAX_10_PT::ENNAKL,2.5375844205203277,26116404.433557004,261164044.33557004,9.716438673540305e-09,0.1,COMPLIANT,0.0,OK,LISTED_EQUITY_PER_COMPANY_MAX_10_PT::ENNAKL,,LEGAL_REGULATORY
Mean_Variance_lambda_10,LISTED_EQUITY_PER_COMPANY_MAX_10_PT::PGH,12846791.613494512,26116404.433557004,261164044.33557004,0.049190506473347655,0.1,COMPLIANT,0.0,OK,LISTED_EQUITY_PER_COMPANY_MAX_10_PT::PGH,,LEGAL_REGULATORY
Mean_Variance_lambda_10,CAPITAL_SOCIAL_LIMITS,,,261164044.33557004,,,CHECK_NOT_ENFORCED_MISSING_DATA,,CHECK_NOT_ENFORCED_MISSING_DATA,Limites en pourcentage du capital social,CHECK_NOT_ENFORCED_MISSING_DATA,UNTESTED_MISSING_DATA
Mean_Variance_lambda_10,OPCVM_ENTITY_LIMITS,,,261164044.33557004,,,CHECK_NOT_ENFORCED_MISSING_DATA,,CHECK_NOT_ENFORCED_MISSING_DATA,OPCVM par entité,CHECK_NOT_ENFORCED_MISSING_DATA,UNTESTED_MISSING_DATA
Mean_Variance_lambda_10,SICAR_ENTITY_LIMITS,,,261164044.33557004,,,CHECK_NOT_ENFORCED_MISSING_DATA,,CHECK_NOT_ENFORCED_MISSING_DATA,SICAR/SICAF par société,CHECK_NOT_ENFORCED_MISSING_DATA,UNTESTED_MISSING_DATA
Mean_Variance_lambda_10,OTHER_SECURITIES_LIMITS,,,261164044.33557004,,,CHECK_NOT_ENFORCED_MISSING_DATA,,CHECK_NOT_ENFORCED_MISSING_DATA,Autres valeurs mobilières,CHECK_NOT_ENFORCED_MISSING_DATA,UNTESTED_MISSING_DATA
Mean_Variance_lambda_20,COVERAGE_GLOBAL,509032582.0402451,261164044.33557004,261164044.33557004,1.949091358786696,1.0,COMPLIANT,0.0,OK,Couverture globale des provisions techniques,ENFORCED,LEGAL_REGULATORY
Mean_Variance_lambda_20,STATE_MIN_20_PT,114927788.58294953,52232808.86711401,261164044.33557004,0.44005976732110436,0.2,COMPLIANT,0.0,OK,Titres émis ou garantis par l'État >= 20% PT,ENFORCED,LEGAL_REGULATORY
Mean_Variance_lambda_20,REAL_ESTATE_TOTAL_MAX_20_PT,25860875.370495003,52232808.86711401,261164044.33557004,0.09902157640531224,0.2,COMPLIANT,0.0,OK,Immobilier total <= 20% PT,POST_CHECK,LEGAL_REGULATORY
Mean_Variance_lambda_20,SICAR_TOTAL_MAX_10_PT,5215648.67154,26116404.433557004,261164044.33557004,0.019970776164112414,0.1,COMPLIANT,0.0,OK,SICAR/SICAF total <= 10% PT,POST_CHECK,LEGAL_REGULATORY
Mean_Variance_lambda_20,LISTED_EQUITY_PER_COMPANY_MAX_10_PT::AMEN_BANK,7042403.684120648,26116404.433557004,261164044.33557004,0.026965441211623503,0.1,COMPLIANT,0.0,OK,LISTED_EQUITY_PER_COMPANY_MAX_10_PT::AMEN_BANK,,LEGAL_REGULATORY
Mean_Variance_lambda_20,LISTED_EQUITY_PER_COMPANY_MAX_10_PT::ATTIJARI_BANK,5382840.730799308,26116404.433557004,261164044.33557004,0.020610956399047368,0.1,COMPLIANT,0.0,OK,LISTED_EQUITY_PER_COMPANY_MAX_10_PT::ATTIJARI_BANK,,LEGAL_REGULATORY
Mean_Variance_lambda_20,LISTED_EQUITY_PER_COMPANY_MAX_10_PT::BIAT,2389637.1436681943,26116404.433557004,261164044.33557004,0.009149946922240745,0.1,COMPLIANT,0.0,OK,LISTED_EQUITY_PER_COMPANY_MAX_10_PT::BIAT,,LEGAL_REGULATORY
Mean_Variance_lambda_20,LISTED_EQUITY_PER_COMPANY_MAX_10_PT::BT,10485778.004210379,26116404.433557004,261164044.33557004,0.04015015937927959,0.1,COMPLIANT,0.0,OK,LISTED_EQUITY_PER_COMPANY_MAX_10_PT::BT,,LEGAL_REGULATORY
Mean_Variance_lambda_20,LISTED_EQUITY_PER_COMPANY_MAX_10_PT::CITY_CARS,7468401.633260231,26116404.433557004,261164044.33557004,0.02859659204719648,0.1,COMPLIANT,0.0,OK,LISTED_EQUITY_PER_COMPANY_MAX_10_PT::CITY_CARS,,LEGAL_REGULATORY
Mean_Variance_lambda_20,LISTED_EQUITY_PER_COMPANY_MAX_10_PT::DELICE_HOLDING,3654255.811723973,26116404.433557004,261164044.33557004,0.013992185719978416,0.1,COMPLIANT,0.0,OK,LISTED_EQUITY_PER_COMPANY_MAX_10_PT::DELICE_HOLDING,,LEGAL_REGULATORY
Mean_Variance_lambda_20,LISTED_EQUITY_PER_COMPANY_MAX_10_PT::ENNAKL,2838293.8784684194,26116404.433557004,261164044.33557004,0.01086785849747943,0.1,COMPLIANT,0.0,OK,LISTED_EQUITY_PER_COMPANY_MAX_10_PT::ENNAKL,,LEGAL_REGULATORY
Mean_Variance_lambda_20,LISTED_EQUITY_PER_COMPANY_MAX_10_PT::PGH,10008502.66906002,26116404.433557004,261164044.33557004,0.038322666868338434,0.1,COMPLIANT,0.0,OK,LISTED_EQUITY_PER_COMPANY_MAX_10_PT::PGH,,LEGAL_REGULATORY
Mean_Variance_lambda_20,CAPITAL_SOCIAL_LIMITS,,,261164044.33557004,,,CHECK_NOT_ENFORCED_MISSING_DATA,,CHECK_NOT_ENFORCED_MISSING_DATA,Limites en pourcentage du capital social,CHECK_NOT_ENFORCED_MISSING_DATA,UNTESTED_MISSING_DATA
Mean_Variance_lambda_20,OPCVM_ENTITY_LIMITS,,,261164044.33557004,,,CHECK_NOT_ENFORCED_MISSING_DATA,,CHECK_NOT_ENFORCED_MISSING_DATA,OPCVM par entité,CHECK_NOT_ENFORCED_MISSING_DATA,UNTESTED_MISSING_DATA
Mean_Variance_lambda_20,SICAR_ENTITY_LIMITS,,,261164044.33557004,,,CHECK_NOT_ENFORCED_MISSING_DATA,,CHECK_NOT_ENFORCED_MISSING_DATA,SICAR/SICAF par société,CHECK_NOT_ENFORCED_MISSING_DATA,UNTESTED_MISSING_DATA
Mean_Variance_lambda_20,OTHER_SECURITIES_LIMITS,,,261164044.33557004,,,CHECK_NOT_ENFORCED_MISSING_DATA,,CHECK_NOT_ENFORCED_MISSING_DATA,Autres valeurs mobilières,CHECK_NOT_ENFORCED_MISSING_DATA,UNTESTED_MISSING_DATA
Max_Return,COVERAGE_GLOBAL,509032582.0402451,261164044.33557004,261164044.33557004,1.949091358786696,1.0,COMPLIANT,0.0,OK,Couverture globale des provisions techniques,ENFORCED,LEGAL_REGULATORY
Max_Return,STATE_MIN_20_PT,112932320.7037451,52232808.86711401,261164044.33557004,0.4324190988505225,0.2,COMPLIANT,0.0,OK,Titres émis ou garantis par l'État >= 20% PT,ENFORCED,LEGAL_REGULATORY
Max_Return,REAL_ESTATE_TOTAL_MAX_20_PT,25860875.370495003,52232808.86711401,261164044.33557004,0.09902157640531224,0.2,COMPLIANT,0.0,OK,Immobilier total <= 20% PT,POST_CHECK,LEGAL_REGULATORY
Max_Return,SICAR_TOTAL_MAX_10_PT,5215648.67154,26116404.433557004,261164044.33557004,0.019970776164112414,0.1,COMPLIANT,0.0,OK,SICAR/SICAF total <= 10% PT,POST_CHECK,LEGAL_REGULATORY
Max_Return,LISTED_EQUITY_PER_COMPANY_MAX_10_PT::AMEN_BANK,7042400.081513608,26116404.433557004,261164044.33557004,0.0269654274172015,0.1,COMPLIANT,0.0,OK,LISTED_EQUITY_PER_COMPANY_MAX_10_PT::AMEN_BANK,,LEGAL_REGULATORY
Max_Return,LISTED_EQUITY_PER_COMPANY_MAX_10_PT::ATTIJARI_BANK,5382839.368024593,26116404.433557004,261164044.33557004,0.02061095118096799,0.1,COMPLIANT,0.0,OK,LISTED_EQUITY_PER_COMPANY_MAX_10_PT::ATTIJARI_BANK,,LEGAL_REGULATORY
Max_Return,LISTED_EQUITY_PER_COMPANY_MAX_10_PT::BIAT,2220000.0951427883,26116404.433557004,261164044.33557004,0.008500404796497588,0.1,COMPLIANT,0.0,OK,LISTED_EQUITY_PER_COMPANY_MAX_10_PT::BIAT,,LEGAL_REGULATORY
Max_Return,LISTED_EQUITY_PER_COMPANY_MAX_10_PT::BT,26116404.321951106,26116404.433557004,261164044.33557004,0.09999999957265979,0.1,COMPLIANT,0.0,OK,LISTED_EQUITY_PER_COMPANY_MAX_10_PT::BT,,LEGAL_REGULATORY
Max_Return,LISTED_EQUITY_PER_COMPANY_MAX_10_PT::CITY_CARS,353162.05308078864,26116404.433557004,261164044.33557004,0.0013522613879688975,0.1,COMPLIANT,0.0,OK,LISTED_EQUITY_PER_COMPANY_MAX_10_PT::CITY_CARS,,LEGAL_REGULATORY
Max_Return,LISTED_EQUITY_PER_COMPANY_MAX_10_PT::DELICE_HOLDING,24966060.962270938,26116404.433557004,261164044.33557004,0.09559532218834846,0.1,COMPLIANT,0.0,OK,LISTED_EQUITY_PER_COMPANY_MAX_10_PT::DELICE_HOLDING,,LEGAL_REGULATORY
Max_Return,LISTED_EQUITY_PER_COMPANY_MAX_10_PT::ENNAKL,0.07465747026343819,26116404.433557004,261164044.33557004,2.858642752809828e-10,0.1,COMPLIANT,0.0,OK,LISTED_EQUITY_PER_COMPANY_MAX_10_PT::ENNAKL,,LEGAL_REGULATORY
Max_Return,LISTED_EQUITY_PER_COMPANY_MAX_10_PT::PGH,14842253.738935394,26116404.433557004,261164044.33557004,0.05683115291270556,0.1,COMPLIANT,0.0,OK,LISTED_EQUITY_PER_COMPANY_MAX_10_PT::PGH,,LEGAL_REGULATORY
Max_Return,CAPITAL_SOCIAL_LIMITS,,,261164044.33557004,,,CHECK_NOT_ENFORCED_MISSING_DATA,,CHECK_NOT_ENFORCED_MISSING_DATA,Limites en pourcentage du capital social,CHECK_NOT_ENFORCED_MISSING_DATA,UNTESTED_MISSING_DATA
Max_Return,OPCVM_ENTITY_LIMITS,,,261164044.33557004,,,CHECK_NOT_ENFORCED_MISSING_DATA,,CHECK_NOT_ENFORCED_MISSING_DATA,OPCVM par entité,CHECK_NOT_ENFORCED_MISSING_DATA,UNTESTED_MISSING_DATA
Max_Return,SICAR_ENTITY_LIMITS,,,261164044.33557004,,,CHECK_NOT_ENFORCED_MISSING_DATA,,CHECK_NOT_ENFORCED_MISSING_DATA,SICAR/SICAF par société,CHECK_NOT_ENFORCED_MISSING_DATA,UNTESTED_MISSING_DATA
Max_Return,OTHER_SECURITIES_LIMITS,,,261164044.33557004,,,CHECK_NOT_ENFORCED_MISSING_DATA,,CHECK_NOT_ENFORCED_MISSING_DATA,Autres valeurs mobilières,CHECK_NOT_ENFORCED_MISSING_DATA,UNTESTED_MISSING_DATA
MeanVariance_TurnoverPenalty,COVERAGE_GLOBAL,509032582.0402451,261164044.33557004,261164044.33557004,1.949091358786696,1.0,COMPLIANT,0.0,OK,Couverture globale des provisions techniques,ENFORCED,LEGAL_REGULATORY
MeanVariance_TurnoverPenalty,STATE_MIN_20_PT,114927783.47550035,52232808.86711401,261164044.33557004,0.4400597477646252,0.2,COMPLIANT,0.0,OK,Titres émis ou garantis par l'État >= 20% PT,ENFORCED,LEGAL_REGULATORY
MeanVariance_TurnoverPenalty,REAL_ESTATE_TOTAL_MAX_20_PT,25860875.370495003,52232808.86711401,261164044.33557004,0.09902157640531224,0.2,COMPLIANT,0.0,OK,Immobilier total <= 20% PT,POST_CHECK,LEGAL_REGULATORY
MeanVariance_TurnoverPenalty,SICAR_TOTAL_MAX_10_PT,5215648.67154,26116404.433557004,261164044.33557004,0.019970776164112414,0.1,COMPLIANT,0.0,OK,SICAR/SICAF total <= 10% PT,POST_CHECK,LEGAL_REGULATORY
MeanVariance_TurnoverPenalty,LISTED_EQUITY_PER_COMPANY_MAX_10_PT::AMEN_BANK,7042400.014191866,26116404.433557004,261164044.33557004,0.026965427159425806,0.1,COMPLIANT,0.0,OK,LISTED_EQUITY_PER_COMPANY_MAX_10_PT::AMEN_BANK,,LEGAL_REGULATORY
MeanVariance_TurnoverPenalty,LISTED_EQUITY_PER_COMPANY_MAX_10_PT::ATTIJARI_BANK,5382839.013219486,26116404.433557004,261164044.33557004,0.020610949822415327,0.1,COMPLIANT,0.0,OK,LISTED_EQUITY_PER_COMPANY_MAX_10_PT::ATTIJARI_BANK,,LEGAL_REGULATORY
MeanVariance_TurnoverPenalty,LISTED_EQUITY_PER_COMPANY_MAX_10_PT::BIAT,2220000.0087921876,26116404.433557004,261164044.33557004,0.008500404465860187,0.1,COMPLIANT,0.0,OK,LISTED_EQUITY_PER_COMPANY_MAX_10_PT::BIAT,,LEGAL_REGULATORY
MeanVariance_TurnoverPenalty,LISTED_EQUITY_PER_COMPANY_MAX_10_PT::BT,26116404.23924761,26116404.433557004,261164044.33557004,0.09999999925598718,0.1,COMPLIANT,0.0,OK,LISTED_EQUITY_PER_COMPANY_MAX_10_PT::BT,,LEGAL_REGULATORY
MeanVariance_TurnoverPenalty,LISTED_EQUITY_PER_COMPANY_MAX_10_PT::CITY_CARS,7068327.654106869,26116404.433557004,261164044.33557004,0.02706470437800682,0.1,COMPLIANT,0.0,OK,LISTED_EQUITY_PER_COMPANY_MAX_10_PT::CITY_CARS,,LEGAL_REGULATORY
MeanVariance_TurnoverPenalty,LISTED_EQUITY_PER_COMPANY_MAX_10_PT::DELICE_HOLDING,7255431.972783048,26116404.433557004,261164044.33557004,0.027781128873393204,0.1,COMPLIANT,0.0,OK,LISTED_EQUITY_PER_COMPANY_MAX_10_PT::DELICE_HOLDING,,LEGAL_REGULATORY
MeanVariance_TurnoverPenalty,LISTED_EQUITY_PER_COMPANY_MAX_10_PT::ENNAKL,9000000.34424138,26116404.433557004,261164044.33557004,0.034461100367542435,0.1,COMPLIANT,0.0,OK,LISTED_EQUITY_PER_COMPANY_MAX_10_PT::ENNAKL,,LEGAL_REGULATORY
MeanVariance_TurnoverPenalty,LISTED_EQUITY_PER_COMPANY_MAX_10_PT::PGH,14842254.00046843,26116404.433557004,261164044.33557004,0.05683115391411843,0.1,COMPLIANT,0.0,OK,LISTED_EQUITY_PER_COMPANY_MAX_10_PT::PGH,,LEGAL_REGULATORY
MeanVariance_TurnoverPenalty,CAPITAL_SOCIAL_LIMITS,,,261164044.33557004,,,CHECK_NOT_ENFORCED_MISSING_DATA,,CHECK_NOT_ENFORCED_MISSING_DATA,Limites en pourcentage du capital social,CHECK_NOT_ENFORCED_MISSING_DATA,UNTESTED_MISSING_DATA
MeanVariance_TurnoverPenalty,OPCVM_ENTITY_LIMITS,,,261164044.33557004,,,CHECK_NOT_ENFORCED_MISSING_DATA,,CHECK_NOT_ENFORCED_MISSING_DATA,OPCVM par entité,CHECK_NOT_ENFORCED_MISSING_DATA,UNTESTED_MISSING_DATA
MeanVariance_TurnoverPenalty,SICAR_ENTITY_LIMITS,,,261164044.33557004,,,CHECK_NOT_ENFORCED_MISSING_DATA,,CHECK_NOT_ENFORCED_MISSING_DATA,SICAR/SICAF par société,CHECK_NOT_ENFORCED_MISSING_DATA,UNTESTED_MISSING_DATA
MeanVariance_TurnoverPenalty,OTHER_SECURITIES_LIMITS,,,261164044.33557004,,,CHECK_NOT_ENFORCED_MISSING_DATA,,CHECK_NOT_ENFORCED_MISSING_DATA,Autres valeurs mobilières,CHECK_NOT_ENFORCED_MISSING_DATA,UNTESTED_MISSING_DATA
Mean_CVaR_95,COVERAGE_GLOBAL,509032582.0402451,261164044.33557004,261164044.33557004,1.949091358786696,1.0,COMPLIANT,0.0,OK,Couverture globale des provisions techniques,ENFORCED,LEGAL_REGULATORY
Mean_CVaR_95,STATE_MIN_20_PT,114927786.11294213,52232808.86711401,261164044.33557004,0.44005975786341883,0.2,COMPLIANT,0.0,OK,Titres émis ou garantis par l'État >= 20% PT,ENFORCED,LEGAL_REGULATORY
Mean_CVaR_95,REAL_ESTATE_TOTAL_MAX_20_PT,25860875.370495003,52232808.86711401,261164044.33557004,0.09902157640531224,0.2,COMPLIANT,0.0,OK,Immobilier total <= 20% PT,POST_CHECK,LEGAL_REGULATORY
Mean_CVaR_95,SICAR_TOTAL_MAX_10_PT,5215648.67154,26116404.433557004,261164044.33557004,0.019970776164112414,0.1,COMPLIANT,0.0,OK,SICAR/SICAF total <= 10% PT,POST_CHECK,LEGAL_REGULATORY
Mean_CVaR_95,LISTED_EQUITY_PER_COMPANY_MAX_10_PT::AMEN_BANK,7042399.4256453095,26116404.433557004,261164044.33557004,0.026965424905874565,0.1,COMPLIANT,0.0,OK,LISTED_EQUITY_PER_COMPANY_MAX_10_PT::AMEN_BANK,,LEGAL_REGULATORY
Mean_CVaR_95,LISTED_EQUITY_PER_COMPANY_MAX_10_PT::ATTIJARI_BANK,5382838.848025323,26116404.433557004,261164044.33557004,0.02061094918988506,0.1,COMPLIANT,0.0,OK,LISTED_EQUITY_PER_COMPANY_MAX_10_PT::ATTIJARI_BANK,,LEGAL_REGULATORY
Mean_CVaR_95,LISTED_EQUITY_PER_COMPANY_MAX_10_PT::BIAT,2219999.9488419453,26116404.433557004,261164044.33557004,0.00850040423631005,0.1,COMPLIANT,0.0,OK,LISTED_EQUITY_PER_COMPANY_MAX_10_PT::BIAT,,LEGAL_REGULATORY
Mean_CVaR_95,LISTED_EQUITY_PER_COMPANY_MAX_10_PT::BT,2630638.9142917376,26116404.433557004,261164044.33557004,0.010072745354301629,0.1,COMPLIANT,0.0,OK,LISTED_EQUITY_PER_COMPANY_MAX_10_PT::BT,,LEGAL_REGULATORY
Mean_CVaR_95,LISTED_EQUITY_PER_COMPANY_MAX_10_PT::CITY_CARS,5742080.970519075,26116404.433557004,261164044.33557004,0.021986491230550357,0.1,COMPLIANT,0.0,OK,LISTED_EQUITY_PER_COMPANY_MAX_10_PT::CITY_CARS,,LEGAL_REGULATORY
Mean_CVaR_95,LISTED_EQUITY_PER_COMPANY_MAX_10_PT::DELICE_HOLDING,1407931.8983971968,26116404.433557004,261164044.33557004,0.005390986733947737,0.1,COMPLIANT,0.0,OK,LISTED_EQUITY_PER_COMPANY_MAX_10_PT::DELICE_HOLDING,,LEGAL_REGULATORY
Mean_CVaR_95,LISTED_EQUITY_PER_COMPANY_MAX_10_PT::ENNAKL,670651.4620253922,26116404.433557004,261164044.33557004,0.0025679318289453016,0.1,COMPLIANT,0.0,OK,LISTED_EQUITY_PER_COMPANY_MAX_10_PT::ENNAKL,,LEGAL_REGULATORY
Mean_CVaR_95,LISTED_EQUITY_PER_COMPANY_MAX_10_PT::PGH,12176140.949813426,26116404.433557004,261164044.33557004,0.046622577701271484,0.1,COMPLIANT,0.0,OK,LISTED_EQUITY_PER_COMPANY_MAX_10_PT::PGH,,LEGAL_REGULATORY
Mean_CVaR_95,CAPITAL_SOCIAL_LIMITS,,,261164044.33557004,,,CHECK_NOT_ENFORCED_MISSING_DATA,,CHECK_NOT_ENFORCED_MISSING_DATA,Limites en pourcentage du capital social,CHECK_NOT_ENFORCED_MISSING_DATA,UNTESTED_MISSING_DATA
Mean_CVaR_95,OPCVM_ENTITY_LIMITS,,,261164044.33557004,,,CHECK_NOT_ENFORCED_MISSING_DATA,,CHECK_NOT_ENFORCED_MISSING_DATA,OPCVM par entité,CHECK_NOT_ENFORCED_MISSING_DATA,UNTESTED_MISSING_DATA
Mean_CVaR_95,SICAR_ENTITY_LIMITS,,,261164044.33557004,,,CHECK_NOT_ENFORCED_MISSING_DATA,,CHECK_NOT_ENFORCED_MISSING_DATA,SICAR/SICAF par société,CHECK_NOT_ENFORCED_MISSING_DATA,UNTESTED_MISSING_DATA
Mean_CVaR_95,OTHER_SECURITIES_LIMITS,,,261164044.33557004,,,CHECK_NOT_ENFORCED_MISSING_DATA,,CHECK_NOT_ENFORCED_MISSING_DATA,Autres valeurs mobilières,CHECK_NOT_ENFORCED_MISSING_DATA,UNTESTED_MISSING_DATA
Max_Sharpe,COVERAGE_GLOBAL,509032582.0402451,261164044.33557004,261164044.33557004,1.949091358786696,1.0,COMPLIANT,0.0,OK,Couverture globale des provisions techniques,ENFORCED,LEGAL_REGULATORY
Max_Sharpe,STATE_MIN_20_PT,114927972.90360282,52232808.86711401,261164044.33557004,0.44006047308691437,0.2,COMPLIANT,0.0,OK,Titres émis ou garantis par l'État >= 20% PT,ENFORCED,LEGAL_REGULATORY
Max_Sharpe,REAL_ESTATE_TOTAL_MAX_20_PT,25860875.370495003,52232808.86711401,261164044.33557004,0.09902157640531224,0.2,COMPLIANT,0.0,OK,Immobilier total <= 20% PT,POST_CHECK,LEGAL_REGULATORY
Max_Sharpe,SICAR_TOTAL_MAX_10_PT,5215648.67154,26116404.433557004,261164044.33557004,0.019970776164112414,0.1,COMPLIANT,0.0,OK,SICAR/SICAF total <= 10% PT,POST_CHECK,LEGAL_REGULATORY
Max_Sharpe,LISTED_EQUITY_PER_COMPANY_MAX_10_PT::AMEN_BANK,7042396.852808489,26116404.433557004,261164044.33557004,0.026965415054454066,0.1,COMPLIANT,0.0,OK,LISTED_EQUITY_PER_COMPANY_MAX_10_PT::AMEN_BANK,,LEGAL_REGULATORY
Max_Sharpe,LISTED_EQUITY_PER_COMPANY_MAX_10_PT::ATTIJARI_BANK,5382835.347076092,26116404.433557004,261164044.33557004,0.020610935784711924,0.1,COMPLIANT,0.0,OK,LISTED_EQUITY_PER_COMPANY_MAX_10_PT::ATTIJARI_BANK,,LEGAL_REGULATORY
Max_Sharpe,LISTED_EQUITY_PER_COMPANY_MAX_10_PT::BIAT,2219998.67572114,26116404.433557004,261164044.33557004,0.008500399361516475,0.1,COMPLIANT,0.0,OK,LISTED_EQUITY_PER_COMPANY_MAX_10_PT::BIAT,,LEGAL_REGULATORY
Max_Sharpe,LISTED_EQUITY_PER_COMPANY_MAX_10_PT::BT,44798.662204346154,26116404.433557004,261164044.33557004,0.00017153457061181167,0.1,COMPLIANT,0.0,OK,LISTED_EQUITY_PER_COMPANY_MAX_10_PT::BT,,LEGAL_REGULATORY
Max_Sharpe,LISTED_EQUITY_PER_COMPANY_MAX_10_PT::CITY_CARS,353160.48736778845,26116404.433557004,261164044.33557004,0.0013522553928365885,0.1,COMPLIANT,0.0,OK,LISTED_EQUITY_PER_COMPANY_MAX_10_PT::CITY_CARS,,LEGAL_REGULATORY
Max_Sharpe,LISTED_EQUITY_PER_COMPANY_MAX_10_PT::DELICE_HOLDING,1407929.8739674045,26116404.433557004,261164044.33557004,0.005390978982383783,0.1,COMPLIANT,0.0,OK,LISTED_EQUITY_PER_COMPANY_MAX_10_PT::DELICE_HOLDING,,LEGAL_REGULATORY
Max_Sharpe,LISTED_EQUITY_PER_COMPANY_MAX_10_PT::ENNAKL,8341405.382544575,26116404.433557004,261164044.33557004,0.03193933301104302,0.1,COMPLIANT,0.0,OK,LISTED_EQUITY_PER_COMPANY_MAX_10_PT::ENNAKL,,LEGAL_REGULATORY
Max_Sharpe,LISTED_EQUITY_PER_COMPANY_MAX_10_PT::PGH,4505397.306419481,26116404.433557004,261164044.33557004,0.01725121587039941,0.1,COMPLIANT,0.0,OK,LISTED_EQUITY_PER_COMPANY_MAX_10_PT::PGH,,LEGAL_REGULATORY
Max_Sharpe,CAPITAL_SOCIAL_LIMITS,,,261164044.33557004,,,CHECK_NOT_ENFORCED_MISSING_DATA,,CHECK_NOT_ENFORCED_MISSING_DATA,Limites en pourcentage du capital social,CHECK_NOT_ENFORCED_MISSING_DATA,UNTESTED_MISSING_DATA
Max_Sharpe,OPCVM_ENTITY_LIMITS,,,261164044.33557004,,,CHECK_NOT_ENFORCED_MISSING_DATA,,CHECK_NOT_ENFORCED_MISSING_DATA,OPCVM par entité,CHECK_NOT_ENFORCED_MISSING_DATA,UNTESTED_MISSING_DATA
Max_Sharpe,SICAR_ENTITY_LIMITS,,,261164044.33557004,,,CHECK_NOT_ENFORCED_MISSING_DATA,,CHECK_NOT_ENFORCED_MISSING_DATA,SICAR/SICAF par société,CHECK_NOT_ENFORCED_MISSING_DATA,UNTESTED_MISSING_DATA
Max_Sharpe,OTHER_SECURITIES_LIMITS,,,261164044.33557004,,,CHECK_NOT_ENFORCED_MISSING_DATA,,CHECK_NOT_ENFORCED_MISSING_DATA,Autres valeurs mobilières,CHECK_NOT_ENFORCED_MISSING_DATA,UNTESTED_MISSING_DATA
Risk_Parity,COVERAGE_GLOBAL,509032582.0402451,261164044.33557004,261164044.33557004,1.949091358786696,1.0,COMPLIANT,0.0,OK,Couverture globale des provisions techniques,ENFORCED,LEGAL_REGULATORY
Risk_Parity,STATE_MIN_20_PT,139097058.72497693,52232808.86711401,261164044.33557004,0.5326041686896643,0.2,COMPLIANT,0.0,OK,Titres émis ou garantis par l'État >= 20% PT,ENFORCED,LEGAL_REGULATORY
Risk_Parity,REAL_ESTATE_TOTAL_MAX_20_PT,25860875.370495003,52232808.86711401,261164044.33557004,0.09902157640531224,0.2,COMPLIANT,0.0,OK,Immobilier total <= 20% PT,POST_CHECK,LEGAL_REGULATORY
Risk_Parity,SICAR_TOTAL_MAX_10_PT,5215648.67154,26116404.433557004,261164044.33557004,0.019970776164112414,0.1,COMPLIANT,0.0,OK,SICAR/SICAF total <= 10% PT,POST_CHECK,LEGAL_REGULATORY
Risk_Parity,LISTED_EQUITY_PER_COMPANY_MAX_10_PT::AMEN_BANK,7056423.679295708,26116404.433557004,261164044.33557004,0.027019123927445772,0.1,COMPLIANT,0.0,OK,LISTED_EQUITY_PER_COMPANY_MAX_10_PT::AMEN_BANK,,LEGAL_REGULATORY
Risk_Parity,LISTED_EQUITY_PER_COMPANY_MAX_10_PT::ATTIJARI_BANK,5295532.199877898,26116404.433557004,261164044.33557004,0.02027665107327585,0.1,COMPLIANT,0.0,OK,LISTED_EQUITY_PER_COMPANY_MAX_10_PT::ATTIJARI_BANK,,LEGAL_REGULATORY
Risk_Parity,LISTED_EQUITY_PER_COMPANY_MAX_10_PT::BIAT,4483056.115002028,26116404.433557004,261164044.33557004,0.017165671202586153,0.1,COMPLIANT,0.0,OK,LISTED_EQUITY_PER_COMPANY_MAX_10_PT::BIAT,,LEGAL_REGULATORY
Risk_Parity,LISTED_EQUITY_PER_COMPANY_MAX_10_PT::BT,2643474.2437242577,26116404.433557004,261164044.33557004,0.010121891971957878,0.1,COMPLIANT,0.0,OK,LISTED_EQUITY_PER_COMPANY_MAX_10_PT::BT,,LEGAL_REGULATORY
Risk_Parity,LISTED_EQUITY_PER_COMPANY_MAX_10_PT::CITY_CARS,4626090.380427217,26116404.433557004,261164044.33557004,0.01771335097906183,0.1,COMPLIANT,0.0,OK,LISTED_EQUITY_PER_COMPANY_MAX_10_PT::CITY_CARS,,LEGAL_REGULATORY
Risk_Parity,LISTED_EQUITY_PER_COMPANY_MAX_10_PT::DELICE_HOLDING,2926384.5720238746,26116404.433557004,261164044.33557004,0.011205158732584793,0.1,COMPLIANT,0.0,OK,LISTED_EQUITY_PER_COMPANY_MAX_10_PT::DELICE_HOLDING,,LEGAL_REGULATORY
Risk_Parity,LISTED_EQUITY_PER_COMPANY_MAX_10_PT::ENNAKL,8062584.406331321,26116404.433557004,261164044.33557004,0.030871724424560126,0.1,COMPLIANT,0.0,OK,LISTED_EQUITY_PER_COMPANY_MAX_10_PT::ENNAKL,,LEGAL_REGULATORY
Risk_Parity,LISTED_EQUITY_PER_COMPANY_MAX_10_PT::PGH,4875628.918760648,26116404.433557004,261164044.33557004,0.018668836788635214,0.1,COMPLIANT,0.0,OK,LISTED_EQUITY_PER_COMPANY_MAX_10_PT::PGH,,LEGAL_REGULATORY
Risk_Parity,CAPITAL_SOCIAL_LIMITS,,,261164044.33557004,,,CHECK_NOT_ENFORCED_MISSING_DATA,,CHECK_NOT_ENFORCED_MISSING_DATA,Limites en pourcentage du capital social,CHECK_NOT_ENFORCED_MISSING_DATA,UNTESTED_MISSING_DATA
Risk_Parity,OPCVM_ENTITY_LIMITS,,,261164044.33557004,,,CHECK_NOT_ENFORCED_MISSING_DATA,,CHECK_NOT_ENFORCED_MISSING_DATA,OPCVM par entité,CHECK_NOT_ENFORCED_MISSING_DATA,UNTESTED_MISSING_DATA
Risk_Parity,SICAR_ENTITY_LIMITS,,,261164044.33557004,,,CHECK_NOT_ENFORCED_MISSING_DATA,,CHECK_NOT_ENFORCED_MISSING_DATA,SICAR/SICAF par société,CHECK_NOT_ENFORCED_MISSING_DATA,UNTESTED_MISSING_DATA
Risk_Parity,OTHER_SECURITIES_LIMITS,,,261164044.33557004,,,CHECK_NOT_ENFORCED_MISSING_DATA,,CHECK_NOT_ENFORCED_MISSING_DATA,Autres valeurs mobilières,CHECK_NOT_ENFORCED_MISSING_DATA,UNTESTED_MISSING_DATA
Monte_Carlo_Max_Sharpe,COVERAGE_GLOBAL,509032582.0402451,261164044.33557004,261164044.33557004,1.949091358786696,1.0,COMPLIANT,0.0,OK,Couverture globale des provisions techniques,ENFORCED,LEGAL_REGULATORY
Monte_Carlo_Max_Sharpe,STATE_MIN_20_PT,137826021.2665306,52232808.86711401,261164044.33557004,0.5277373522728793,0.2,COMPLIANT,0.0,OK,Titres émis ou garantis par l'État >= 20% PT,ENFORCED,LEGAL_REGULATORY
Monte_Carlo_Max_Sharpe,REAL_ESTATE_TOTAL_MAX_20_PT,25860875.370495003,52232808.86711401,261164044.33557004,0.09902157640531224,0.2,COMPLIANT,0.0,OK,Immobilier total <= 20% PT,POST_CHECK,LEGAL_REGULATORY
Monte_Carlo_Max_Sharpe,SICAR_TOTAL_MAX_10_PT,5215648.67154,26116404.433557004,261164044.33557004,0.019970776164112414,0.1,COMPLIANT,0.0,OK,SICAR/SICAF total <= 10% PT,POST_CHECK,LEGAL_REGULATORY
Monte_Carlo_Max_Sharpe,LISTED_EQUITY_PER_COMPANY_MAX_10_PT::AMEN_BANK,7589034.004393961,26116404.433557004,261164044.33557004,0.029058494723886268,0.1,COMPLIANT,0.0,OK,LISTED_EQUITY_PER_COMPANY_MAX_10_PT::AMEN_BANK,,LEGAL_REGULATORY
Monte_Carlo_Max_Sharpe,LISTED_EQUITY_PER_COMPANY_MAX_10_PT::ATTIJARI_BANK,7264901.904726477,26116404.433557004,261164044.33557004,0.027817389347025868,0.1,COMPLIANT,0.0,OK,LISTED_EQUITY_PER_COMPANY_MAX_10_PT::ATTIJARI_BANK,,LEGAL_REGULATORY
Monte_Carlo_Max_Sharpe,LISTED_EQUITY_PER_COMPANY_MAX_10_PT::BIAT,2783944.2925216495,26116404.433557004,261164044.33557004,0.010659753334745252,0.1,COMPLIANT,0.0,OK,LISTED_EQUITY_PER_COMPANY_MAX_10_PT::BIAT,,LEGAL_REGULATORY
Monte_Carlo_Max_Sharpe,LISTED_EQUITY_PER_COMPANY_MAX_10_PT::BT,3301657.872299716,26116404.433557004,261164044.33557004,0.012642084329408727,0.1,COMPLIANT,0.0,OK,LISTED_EQUITY_PER_COMPANY_MAX_10_PT::BT,,LEGAL_REGULATORY
Monte_Carlo_Max_Sharpe,LISTED_EQUITY_PER_COMPANY_MAX_10_PT::CITY_CARS,1384415.2259011245,26116404.433557004,261164044.33557004,0.005300941136147698,0.1,COMPLIANT,0.0,OK,LISTED_EQUITY_PER_COMPANY_MAX_10_PT::CITY_CARS,,LEGAL_REGULATORY
Monte_Carlo_Max_Sharpe,LISTED_EQUITY_PER_COMPANY_MAX_10_PT::DELICE_HOLDING,2044009.706331556,26116404.433557004,261164044.33557004,0.00782653566087836,0.1,COMPLIANT,0.0,OK,LISTED_EQUITY_PER_COMPANY_MAX_10_PT::DELICE_HOLDING,,LEGAL_REGULATORY
Monte_Carlo_Max_Sharpe,LISTED_EQUITY_PER_COMPANY_MAX_10_PT::ENNAKL,8617031.21807138,26116404.433557004,261164044.33557004,0.0329947073686734,0.1,COMPLIANT,0.0,OK,LISTED_EQUITY_PER_COMPANY_MAX_10_PT::ENNAKL,,LEGAL_REGULATORY
Monte_Carlo_Max_Sharpe,LISTED_EQUITY_PER_COMPANY_MAX_10_PT::PGH,10072368.13004497,26116404.433557004,261164044.33557004,0.038567208421320706,0.1,COMPLIANT,0.0,OK,LISTED_EQUITY_PER_COMPANY_MAX_10_PT::PGH,,LEGAL_REGULATORY
Monte_Carlo_Max_Sharpe,CAPITAL_SOCIAL_LIMITS,,,261164044.33557004,,,CHECK_NOT_ENFORCED_MISSING_DATA,,CHECK_NOT_ENFORCED_MISSING_DATA,Limites en pourcentage du capital social,CHECK_NOT_ENFORCED_MISSING_DATA,UNTESTED_MISSING_DATA
Monte_Carlo_Max_Sharpe,OPCVM_ENTITY_LIMITS,,,261164044.33557004,,,CHECK_NOT_ENFORCED_MISSING_DATA,,CHECK_NOT_ENFORCED_MISSING_DATA,OPCVM par entité,CHECK_NOT_ENFORCED_MISSING_DATA,UNTESTED_MISSING_DATA
Monte_Carlo_Max_Sharpe,SICAR_ENTITY_LIMITS,,,261164044.33557004,,,CHECK_NOT_ENFORCED_MISSING_DATA,,CHECK_NOT_ENFORCED_MISSING_DATA,SICAR/SICAF par société,CHECK_NOT_ENFORCED_MISSING_DATA,UNTESTED_MISSING_DATA
Monte_Carlo_Max_Sharpe,OTHER_SECURITIES_LIMITS,,,261164044.33557004,,,CHECK_NOT_ENFORCED_MISSING_DATA,,CHECK_NOT_ENFORCED_MISSING_DATA,Autres valeurs mobilières,CHECK_NOT_ENFORCED_MISSING_DATA,UNTESTED_MISSING_DATA
Monte_Carlo_Min_Volatility,COVERAGE_GLOBAL,509032582.0402451,261164044.33557004,261164044.33557004,1.949091358786696,1.0,COMPLIANT,0.0,OK,Couverture globale des provisions techniques,ENFORCED,LEGAL_REGULATORY
Monte_Carlo_Min_Volatility,STATE_MIN_20_PT,137826021.2665306,52232808.86711401,261164044.33557004,0.5277373522728793,0.2,COMPLIANT,0.0,OK,Titres émis ou garantis par l'État >= 20% PT,ENFORCED,LEGAL_REGULATORY
Monte_Carlo_Min_Volatility,REAL_ESTATE_TOTAL_MAX_20_PT,25860875.370495003,52232808.86711401,261164044.33557004,0.09902157640531224,0.2,COMPLIANT,0.0,OK,Immobilier total <= 20% PT,POST_CHECK,LEGAL_REGULATORY
Monte_Carlo_Min_Volatility,SICAR_TOTAL_MAX_10_PT,5215648.67154,26116404.433557004,261164044.33557004,0.019970776164112414,0.1,COMPLIANT,0.0,OK,SICAR/SICAF total <= 10% PT,POST_CHECK,LEGAL_REGULATORY
Monte_Carlo_Min_Volatility,LISTED_EQUITY_PER_COMPANY_MAX_10_PT::AMEN_BANK,7589034.004393961,26116404.433557004,261164044.33557004,0.029058494723886268,0.1,COMPLIANT,0.0,OK,LISTED_EQUITY_PER_COMPANY_MAX_10_PT::AMEN_BANK,,LEGAL_REGULATORY
Monte_Carlo_Min_Volatility,LISTED_EQUITY_PER_COMPANY_MAX_10_PT::ATTIJARI_BANK,7264901.904726477,26116404.433557004,261164044.33557004,0.027817389347025868,0.1,COMPLIANT,0.0,OK,LISTED_EQUITY_PER_COMPANY_MAX_10_PT::ATTIJARI_BANK,,LEGAL_REGULATORY
Monte_Carlo_Min_Volatility,LISTED_EQUITY_PER_COMPANY_MAX_10_PT::BIAT,2783944.2925216495,26116404.433557004,261164044.33557004,0.010659753334745252,0.1,COMPLIANT,0.0,OK,LISTED_EQUITY_PER_COMPANY_MAX_10_PT::BIAT,,LEGAL_REGULATORY
Monte_Carlo_Min_Volatility,LISTED_EQUITY_PER_COMPANY_MAX_10_PT::BT,3301657.872299716,26116404.433557004,261164044.33557004,0.012642084329408727,0.1,COMPLIANT,0.0,OK,LISTED_EQUITY_PER_COMPANY_MAX_10_PT::BT,,LEGAL_REGULATORY
Monte_Carlo_Min_Volatility,LISTED_EQUITY_PER_COMPANY_MAX_10_PT::CITY_CARS,1384415.2259011245,26116404.433557004,261164044.33557004,0.005300941136147698,0.1,COMPLIANT,0.0,OK,LISTED_EQUITY_PER_COMPANY_MAX_10_PT::CITY_CARS,,LEGAL_REGULATORY
Monte_Carlo_Min_Volatility,LISTED_EQUITY_PER_COMPANY_MAX_10_PT::DELICE_HOLDING,2044009.706331556,26116404.433557004,261164044.33557004,0.00782653566087836,0.1,COMPLIANT,0.0,OK,LISTED_EQUITY_PER_COMPANY_MAX_10_PT::DELICE_HOLDING,,LEGAL_REGULATORY
Monte_Carlo_Min_Volatility,LISTED_EQUITY_PER_COMPANY_MAX_10_PT::ENNAKL,8617031.21807138,26116404.433557004,261164044.33557004,0.0329947073686734,0.1,COMPLIANT,0.0,OK,LISTED_EQUITY_PER_COMPANY_MAX_10_PT::ENNAKL,,LEGAL_REGULATORY
Monte_Carlo_Min_Volatility,LISTED_EQUITY_PER_COMPANY_MAX_10_PT::PGH,10072368.13004497,26116404.433557004,261164044.33557004,0.038567208421320706,0.1,COMPLIANT,0.0,OK,LISTED_EQUITY_PER_COMPANY_MAX_10_PT::PGH,,LEGAL_REGULATORY
Monte_Carlo_Min_Volatility,CAPITAL_SOCIAL_LIMITS,,,261164044.33557004,,,CHECK_NOT_ENFORCED_MISSING_DATA,,CHECK_NOT_ENFORCED_MISSING_DATA,Limites en pourcentage du capital social,CHECK_NOT_ENFORCED_MISSING_DATA,UNTESTED_MISSING_DATA
Monte_Carlo_Min_Volatility,OPCVM_ENTITY_LIMITS,,,261164044.33557004,,,CHECK_NOT_ENFORCED_MISSING_DATA,,CHECK_NOT_ENFORCED_MISSING_DATA,OPCVM par entité,CHECK_NOT_ENFORCED_MISSING_DATA,UNTESTED_MISSING_DATA
Monte_Carlo_Min_Volatility,SICAR_ENTITY_LIMITS,,,261164044.33557004,,,CHECK_NOT_ENFORCED_MISSING_DATA,,CHECK_NOT_ENFORCED_MISSING_DATA,SICAR/SICAF par société,CHECK_NOT_ENFORCED_MISSING_DATA,UNTESTED_MISSING_DATA
Monte_Carlo_Min_Volatility,OTHER_SECURITIES_LIMITS,,,261164044.33557004,,,CHECK_NOT_ENFORCED_MISSING_DATA,,CHECK_NOT_ENFORCED_MISSING_DATA,Autres valeurs mobilières,CHECK_NOT_ENFORCED_MISSING_DATA,UNTESTED_MISSING_DATA
Monte_Carlo_Max_Return,COVERAGE_GLOBAL,509032582.0402451,261164044.33557004,261164044.33557004,1.949091358786696,1.0,COMPLIANT,0.0,OK,Couverture globale des provisions techniques,ENFORCED,LEGAL_REGULATORY
Monte_Carlo_Max_Return,STATE_MIN_20_PT,111869912.45662032,52232808.86711401,261164044.33557004,0.428351125979955,0.2,COMPLIANT,0.0,OK,Titres émis ou garantis par l'État >= 20% PT,ENFORCED,LEGAL_REGULATORY
Monte_Carlo_Max_Return,REAL_ESTATE_TOTAL_MAX_20_PT,25860875.370495003,52232808.86711401,261164044.33557004,0.09902157640531224,0.2,COMPLIANT,0.0,OK,Immobilier total <= 20% PT,POST_CHECK,LEGAL_REGULATORY
Monte_Carlo_Max_Return,SICAR_TOTAL_MAX_10_PT,5215648.67154,26116404.433557004,261164044.33557004,0.019970776164112414,0.1,COMPLIANT,0.0,OK,SICAR/SICAF total <= 10% PT,POST_CHECK,LEGAL_REGULATORY
Monte_Carlo_Max_Return,LISTED_EQUITY_PER_COMPANY_MAX_10_PT::AMEN_BANK,9331619.41094822,26116404.433557004,261164044.33557004,0.03573087342359429,0.1,COMPLIANT,0.0,OK,LISTED_EQUITY_PER_COMPANY_MAX_10_PT::AMEN_BANK,,LEGAL_REGULATORY
Monte_Carlo_Max_Return,LISTED_EQUITY_PER_COMPANY_MAX_10_PT::ATTIJARI_BANK,14763173.841251034,26116404.433557004,261164044.33557004,0.05652835511415887,0.1,COMPLIANT,0.0,OK,LISTED_EQUITY_PER_COMPANY_MAX_10_PT::ATTIJARI_BANK,,LEGAL_REGULATORY
Monte_Carlo_Max_Return,LISTED_EQUITY_PER_COMPANY_MAX_10_PT::BIAT,5945263.584201197,26116404.433557004,261164044.33557004,0.022764479694464067,0.1,COMPLIANT,0.0,OK,LISTED_EQUITY_PER_COMPANY_MAX_10_PT::BIAT,,LEGAL_REGULATORY
Monte_Carlo_Max_Return,LISTED_EQUITY_PER_COMPANY_MAX_10_PT::BT,3872639.354080213,26116404.433557004,261164044.33557004,0.014828378707079039,0.1,COMPLIANT,0.0,OK,LISTED_EQUITY_PER_COMPANY_MAX_10_PT::BT,,LEGAL_REGULATORY
Monte_Carlo_Max_Return,LISTED_EQUITY_PER_COMPANY_MAX_10_PT::CITY_CARS,2204513.1389261144,26116404.433557004,261164044.33557004,0.008441105070702353,0.1,COMPLIANT,0.0,OK,LISTED_EQUITY_PER_COMPANY_MAX_10_PT::CITY_CARS,,LEGAL_REGULATORY
Monte_Carlo_Max_Return,LISTED_EQUITY_PER_COMPANY_MAX_10_PT::DELICE_HOLDING,5639952.021535127,26116404.433557004,261164044.33557004,0.021595438360911372,0.1,COMPLIANT,0.0,OK,LISTED_EQUITY_PER_COMPANY_MAX_10_PT::DELICE_HOLDING,,LEGAL_REGULATORY
Monte_Carlo_Max_Return,LISTED_EQUITY_PER_COMPANY_MAX_10_PT::ENNAKL,8989098.737100681,26116404.433557004,261164044.33557004,0.03441935799382313,0.1,COMPLIANT,0.0,OK,LISTED_EQUITY_PER_COMPANY_MAX_10_PT::ENNAKL,,LEGAL_REGULATORY
Monte_Carlo_Max_Return,LISTED_EQUITY_PER_COMPANY_MAX_10_PT::PGH,15712195.765073167,26116404.433557004,261164044.33557004,0.0601621705049281,0.1,COMPLIANT,0.0,OK,LISTED_EQUITY_PER_COMPANY_MAX_10_PT::PGH,,LEGAL_REGULATORY
Monte_Carlo_Max_Return,CAPITAL_SOCIAL_LIMITS,,,261164044.33557004,,,CHECK_NOT_ENFORCED_MISSING_DATA,,CHECK_NOT_ENFORCED_MISSING_DATA,Limites en pourcentage du capital social,CHECK_NOT_ENFORCED_MISSING_DATA,UNTESTED_MISSING_DATA
Monte_Carlo_Max_Return,OPCVM_ENTITY_LIMITS,,,261164044.33557004,,,CHECK_NOT_ENFORCED_MISSING_DATA,,CHECK_NOT_ENFORCED_MISSING_DATA,OPCVM par entité,CHECK_NOT_ENFORCED_MISSING_DATA,UNTESTED_MISSING_DATA
Monte_Carlo_Max_Return,SICAR_ENTITY_LIMITS,,,261164044.33557004,,,CHECK_NOT_ENFORCED_MISSING_DATA,,CHECK_NOT_ENFORCED_MISSING_DATA,SICAR/SICAF par société,CHECK_NOT_ENFORCED_MISSING_DATA,UNTESTED_MISSING_DATA
Monte_Carlo_Max_Return,OTHER_SECURITIES_LIMITS,,,261164044.33557004,,,CHECK_NOT_ENFORCED_MISSING_DATA,,CHECK_NOT_ENFORCED_MISSING_DATA,Autres valeurs mobilières,CHECK_NOT_ENFORCED_MISSING_DATA,UNTESTED_MISSING_DATA
MultiCriteria_Recommended_Portfolio,COVERAGE_GLOBAL,509032582.0402451,261164044.33557004,261164044.33557004,1.949091358786696,1.0,COMPLIANT,0.0,OK,Couverture globale des provisions techniques,ENFORCED,LEGAL_REGULATORY
MultiCriteria_Recommended_Portfolio,STATE_MIN_20_PT,114927786.11294213,52232808.86711401,261164044.33557004,0.44005975786341883,0.2,COMPLIANT,0.0,OK,Titres émis ou garantis par l'État >= 20% PT,ENFORCED,LEGAL_REGULATORY
MultiCriteria_Recommended_Portfolio,REAL_ESTATE_TOTAL_MAX_20_PT,25860875.370495003,52232808.86711401,261164044.33557004,0.09902157640531224,0.2,COMPLIANT,0.0,OK,Immobilier total <= 20% PT,POST_CHECK,LEGAL_REGULATORY
MultiCriteria_Recommended_Portfolio,SICAR_TOTAL_MAX_10_PT,5215648.67154,26116404.433557004,261164044.33557004,0.019970776164112414,0.1,COMPLIANT,0.0,OK,SICAR/SICAF total <= 10% PT,POST_CHECK,LEGAL_REGULATORY
MultiCriteria_Recommended_Portfolio,LISTED_EQUITY_PER_COMPANY_MAX_10_PT::AMEN_BANK,7042399.4256453095,26116404.433557004,261164044.33557004,0.026965424905874565,0.1,COMPLIANT,0.0,OK,LISTED_EQUITY_PER_COMPANY_MAX_10_PT::AMEN_BANK,,LEGAL_REGULATORY
MultiCriteria_Recommended_Portfolio,LISTED_EQUITY_PER_COMPANY_MAX_10_PT::ATTIJARI_BANK,5382838.848025323,26116404.433557004,261164044.33557004,0.02061094918988506,0.1,COMPLIANT,0.0,OK,LISTED_EQUITY_PER_COMPANY_MAX_10_PT::ATTIJARI_BANK,,LEGAL_REGULATORY
MultiCriteria_Recommended_Portfolio,LISTED_EQUITY_PER_COMPANY_MAX_10_PT::BIAT,2219999.9488419453,26116404.433557004,261164044.33557004,0.00850040423631005,0.1,COMPLIANT,0.0,OK,LISTED_EQUITY_PER_COMPANY_MAX_10_PT::BIAT,,LEGAL_REGULATORY
MultiCriteria_Recommended_Portfolio,LISTED_EQUITY_PER_COMPANY_MAX_10_PT::BT,2630638.9142917376,26116404.433557004,261164044.33557004,0.010072745354301629,0.1,COMPLIANT,0.0,OK,LISTED_EQUITY_PER_COMPANY_MAX_10_PT::BT,,LEGAL_REGULATORY
MultiCriteria_Recommended_Portfolio,LISTED_EQUITY_PER_COMPANY_MAX_10_PT::CITY_CARS,5742080.970519075,26116404.433557004,261164044.33557004,0.021986491230550357,0.1,COMPLIANT,0.0,OK,LISTED_EQUITY_PER_COMPANY_MAX_10_PT::CITY_CARS,,LEGAL_REGULATORY
MultiCriteria_Recommended_Portfolio,LISTED_EQUITY_PER_COMPANY_MAX_10_PT::DELICE_HOLDING,1407931.8983971968,26116404.433557004,261164044.33557004,0.005390986733947737,0.1,COMPLIANT,0.0,OK,LISTED_EQUITY_PER_COMPANY_MAX_10_PT::DELICE_HOLDING,,LEGAL_REGULATORY
MultiCriteria_Recommended_Portfolio,LISTED_EQUITY_PER_COMPANY_MAX_10_PT::ENNAKL,670651.4620253922,26116404.433557004,261164044.33557004,0.0025679318289453016,0.1,COMPLIANT,0.0,OK,LISTED_EQUITY_PER_COMPANY_MAX_10_PT::ENNAKL,,LEGAL_REGULATORY
MultiCriteria_Recommended_Portfolio,LISTED_EQUITY_PER_COMPANY_MAX_10_PT::PGH,12176140.949813426,26116404.433557004,261164044.33557004,0.046622577701271484,0.1,COMPLIANT,0.0,OK,LISTED_EQUITY_PER_COMPANY_MAX_10_PT::PGH,,LEGAL_REGULATORY
MultiCriteria_Recommended_Portfolio,CAPITAL_SOCIAL_LIMITS,,,261164044.33557004,,,CHECK_NOT_ENFORCED_MISSING_DATA,,CHECK_NOT_ENFORCED_MISSING_DATA,Limites en pourcentage du capital social,CHECK_NOT_ENFORCED_MISSING_DATA,UNTESTED_MISSING_DATA
MultiCriteria_Recommended_Portfolio,OPCVM_ENTITY_LIMITS,,,261164044.33557004,,,CHECK_NOT_ENFORCED_MISSING_DATA,,CHECK_NOT_ENFORCED_MISSING_DATA,OPCVM par entité,CHECK_NOT_ENFORCED_MISSING_DATA,UNTESTED_MISSING_DATA
MultiCriteria_Recommended_Portfolio,SICAR_ENTITY_LIMITS,,,261164044.33557004,,,CHECK_NOT_ENFORCED_MISSING_DATA,,CHECK_NOT_ENFORCED_MISSING_DATA,SICAR/SICAF par société,CHECK_NOT_ENFORCED_MISSING_DATA,UNTESTED_MISSING_DATA
MultiCriteria_Recommended_Portfolio,OTHER_SECURITIES_LIMITS,,,261164044.33557004,,,CHECK_NOT_ENFORCED_MISSING_DATA,,CHECK_NOT_ENFORCED_MISSING_DATA,Autres valeurs mobilières,CHECK_NOT_ENFORCED_MISSING_DATA,UNTESTED_MISSING_DATA
